CUSIP,INVENTORY,ISSUER,COUPON,MATURITY,PRICE,YIELD,DBRS RATING,quote_date,settle_date
78460TAJ4,150000,SNC LAVALIN GROUP INC.,3.8,2024-08-19 00:00:00,100.18,1.56729346,BB(high),2024-06-25,2024-06-26
29290ZAN0,100000,ENBRIDGE GAS DISTRIBUTIO,3.15,2024-08-22 00:00:00,99.983,3.251962954557201,A,2024-06-25,2024-06-26
13607GFB5,364000,CANADIAN IMPERIAL BANK O,2.35,2024-08-28 00:00:00,99.815,3.420596899590544,AA(low),2024-06-25,2024-06-26
136765BG8,1000000,CANADIAN WESTERN BANK,2.597,2024-09-06 00:00:00,99.795,3.561054501881912,A(low),2024-06-25,2024-06-26
06368AAD2,935000,BANK OF MONTREAL,2.7,2024-09-11 00:00:00,99.795,3.598053016770469,AA,2024-06-25,2024-06-26
14046ZAC3,230000,CAPITAL POWER CORP,4.284,2024-09-18 00:00:00,100.026,3.61559119,BBB(low),2024-06-25,2024-06-26
34957ZAS3,452000,FORTISALBERTA INC,3.3,2024-09-30 00:00:00,99.89,3.604155298193183,A(low),2024-06-25,2024-06-26
780086RF3,1000000,ROYAL BANK OF CANADA,2.609,2024-11-01 00:00:00,99.45,4.153002827277371,AA,2024-06-25,2024-06-26
565018DB1,1000000,MANULIFE BANK OF CANADA,2.378,2024-11-19 00:00:00,99.321,4.068621641603432,AA(low),2024-06-25,2024-06-26
80310ZAF6,250000,SAPUTO INC,2.876,2024-11-19 00:00:00,99.404,4.349351396915613,BBB,2024-06-25,2024-06-26
29251ZBQ9,250000,ENBRIDGE INC.,3.95,2024-11-19 00:00:00,99.828,4.370770870720713,BBB(high),2024-06-25,2024-06-26
33564PAC7,370000,FIRST NATIONAL FINANCIAL,3.582,2024-11-25 00:00:00,99.607,4.493916891702892,BBB(low),2024-06-25,2024-06-26
617577AF8,500000,MORGUARD REAL ESTATE INV,4.204,2024-11-27 00:00:00,99.65,4.992820369644036,BB(high),2024-06-25,2024-06-26
89117FNR6,1000000,TORONTO-DOMINION BANK (T,2.496,2024-12-02 00:00:00,99.218,4.309938399869622,AA,2024-06-25,2024-06-26
87262KAD7,495000,TMX GROUP LTD,2.997,2024-12-11 00:00:00,99.418,4.272146773842065,AA(low),2024-06-25,2024-06-26
40427HTR4,990000,HSBC SECURITIES (CANADA),4.81,2024-12-16 00:00:00,100.259,4.233110993258568,AA(high),2024-06-25,2024-06-26
06415GAZ3,950000,BANK OF NOVA SCOTIA,1.95,2025-01-10 00:00:00,98.691,4.435556477294069,AA(low),2024-06-25,2024-06-26
17039AAK2,500000,CHOICE PROPERTIES REIT,3.546,2025-01-10 00:00:00,99.486,4.520299906599365,BBB(high),2024-06-25,2024-06-26
02138ZAM5,250000,ALTAGAS SERVICES INC.,3.84,2025-01-15 00:00:00,99.587,4.60223755595269,BBB(low),2024-06-25,2024-06-26
87971MAX1,250000,TELUS CORPORATION,3.75,2025-01-17 00:00:00,99.591,4.496910636021701,BBB,2024-06-25,2024-06-26
07813ZCB8,250000,BELL CANADA,2.75,2025-01-29 00:00:00,98.988,4.501477231856794,BBB(high),2024-06-25,2024-06-26
136765BJ2,1000000,CANADIAN WESTERN BANK,2.606,2025-01-30 00:00:00,98.917,4.471918342683709,A(low),2024-06-25,2024-06-26
06368DCV4,1000000,BANK OF MONTREAL,2.37,2025-02-03 00:00:00,98.754,4.478907055281338,AA(low),2024-06-25,2024-06-26
70632ZAE1,250000,PEMBINA PIPELINE INCOME,3.54,2025-02-03 00:00:00,99.389,4.570846852972398,BBB(high),2024-06-25,2024-06-26
06415EV93,1000000,BANK OF NOVA SCOTIA,2.16,2025-02-03 00:00:00,98.63,4.47948193856422,AA(low),2024-06-25,2024-06-26
44810ZCB4,1000000,HYDRO ONE INC.,1.76,2025-02-28 00:00:00,98.374,4.232639012638898,A(high),2024-06-25,2024-06-26
13607HK27,1000000,CANADIAN IMPERIAL BANK O,2.75,2025-03-07 00:00:00,98.781,4.5375881146836,AA(low),2024-06-25,2024-06-26
29446NAH3,1000000,EQUITABLE BANK,1.939,2025-03-10 00:00:00,98.202,4.549974493943957,BBB(high),2024-06-25,2024-06-26
07813ZBZ6,250000,BELL CANADA,3.35,2025-03-12 00:00:00,99.112,4.62552761382764,BBB(high),2024-06-25,2024-06-26
89117FVY2,970000,TORONTO-DOMINION BANK (T,1.943,2025-03-13 00:00:00,98.237,4.47319783153818,AA,2024-06-25,2024-06-26
51925DCB0,1000000,LAURENTIAN BANK OF CANAD,1.95,2025-03-17 00:00:00,98.087,4.658092081139506,BBB(high),2024-06-25,2024-06-26
45823ZAG7,990000,INTACT FINANCIAL CORP,3.691,2025-03-24 00:00:00,99.501,4.372577026324707,A(high),2024-06-25,2024-06-26
45834ZAM1,250000,INTER PIPELINE LTD,3.173,2025-03-24 00:00:00,98.963,4.59946908924356,BBB(low),2024-06-25,2024-06-26
136765BT0,1000000,CANADIAN WESTERN BANK,3.859,2025-04-21 00:00:00,99.387,4.623344969111148,A(low),2024-06-25,2024-06-26
019456AC6,240000,ALLIED PROPERTIES REIT,3.636,2025-04-21 00:00:00,98.615,5.378820319888646,BBB,2024-06-25,2024-06-26
780086RZ9,966000,ROYAL BANK OF CANADA,1.936,2025-05-01 00:00:00,97.88,4.50993421739638,AA,2024-06-25,2024-06-26
13596Z3Y9,724000,CANADIAN IMPERIAL BANK O,3.3,2025-05-26 00:00:00,99.079,4.333884680056501,AA,2024-06-25,2024-06-26
891160EW9,500000,TORONTO-DOMINION BANK (T,9.15,2025-05-26 00:00:00,104.005,4.624717901578471,AA(low),2024-06-25,2024-06-26
125491AJ9,500000,CI FINANCIAL CORP,3.759,2025-05-26 00:00:00,98.844,5.063024401351943,BBB(low),2024-06-25,2024-06-26
11282ZAA6,893000,BROOKFIELD RENEWABLE POW,3.752,2025-06-02 00:00:00,99.311,4.510655333576262,BBB(high),2024-06-25,2024-06-26
29251ZBT3,250000,ENBRIDGE INC.,2.44,2025-06-02 00:00:00,98.038,4.607553666042454,BBB(high),2024-06-25,2024-06-26
01626PAE6,250000,ALIMENTATION COUCHE TARD,3.6,2025-06-02 00:00:00,99.049,4.649186736621663,-,2024-06-25,2024-06-26
064149AW7,495000,BANK OF NOVA SCOTIA,8.9,2025-06-20 00:00:00,104.036,4.65288230735582,A(high),2024-06-25,2024-06-26
565018DE5,801000,MANULIFE BANK OF CANADA,1.504,2025-06-25 00:00:00,97.298,4.300902936977916,AA(low),2024-06-25,2024-06-26
44810ZBW9,1000000,HYDRO ONE INC.,2.97,2025-06-26 00:00:00,98.619,4.396703897310984,A(high),2024-06-25,2024-06-26
37482ZAB7,250000,GIBSON ENERGY INC,2.45,2025-07-14 00:00:00,98.176,4.244290602592238,BBB(low),2024-06-25,2024-06-26
780085N93,991000,ROYAL BANK OF CANADA,4.93,2025-07-16 00:00:00,100.774,4.169993703444148,AA(high),2024-06-25,2024-06-26
89353ZBY3,210000,TRANSCANADA PIPELINES LI,3.3,2025-07-17 00:00:00,98.981,4.294012940222268,BBB(high),2024-06-25,2024-06-26
80310ZAE9,250000,SAPUTO INC,3.603,2025-08-14 00:00:00,99.052,4.465580877284992,BBB,2024-06-25,2024-06-26
11286ZAE4,500000,BROOKFIELD PROPERTIES CO,3.926,2025-08-24 00:00:00,99.4,4.457294508322824,BBB(low),2024-06-25,2024-06-26
51925DCE4,980000,LAURENTIAN BANK OF CANAD,4.6,2025-09-02 00:00:00,100.135,4.476535844687982,BBB(high),2024-06-25,2024-06-26
89117F3M9,964000,TORONTO-DOMINION BANK (T,2.667,2025-09-09 00:00:00,98.024,4.366837886650148,AA,2024-06-25,2024-06-26
063679EC4,1000000,BANK OF MONTREAL,4.609,2025-09-10 00:00:00,100.496,4.178211857825412,AA,2024-06-25,2024-06-26
29290ZAQ3,250000,ENBRIDGE GAS DISTRIBUTIO,3.31,2025-09-11 00:00:00,98.885,4.26217929782647,A,2024-06-25,2024-06-26
90664ZAE0,250000,UNION GAS LIMITED,3.19,2025-09-17 00:00:00,98.723,4.267014330865014,A,2024-06-25,2024-06-26
136375CF7,1000000,CN RAILWAY COMPANY,2.8,2025-09-22 00:00:00,98.578,3.984656874711775,A,2024-06-25,2024-06-26
29250ZAT5,250000,ENBRIDGE PIPELINES INC.,3.45,2025-09-29 00:00:00,98.869,4.379886398456247,A,2024-06-25,2024-06-26
780086UT9,940000,ROYAL BANK OF CANADA,3.369,2025-09-29 00:00:00,98.797,4.358254319163074,AA,2024-06-25,2024-06-26
31430WTH7,450000,FEDERATION DES CAISSES,5.2,2025-10-01 00:00:00,100.971,4.396697271195672,AA(low),2024-06-25,2024-06-26
63306AHK5,999000,NATIONAL BANK OF CANADA,5.296,2025-11-03 00:00:00,101.181,4.383059172890396,AA(low),2024-06-25,2024-06-26
33564PAD5,1000000,FIRST NATIONAL FINANCIAL,2.961,2025-11-17 00:00:00,97.379,4.931020622876703,BBB(low),2024-06-25,2024-06-26
17039AAF3,500000,CHOICE PROPERTIES REIT,4.055,2025-11-24 00:00:00,99.415,4.485246031618442,BBB(high),2024-06-25,2024-06-26
29446NAG5,1000000,EQUITABLE BANK,1.876,2025-11-26 00:00:00,96.456,4.486481987325079,BBB(high),2024-06-25,2024-06-26
125491AQ3,1000000,CI FINANCIAL CORP,7,2025-12-02 00:00:00,102.377,5.254220310431912,BBB(low),2024-06-25,2024-06-26
95751ZAR4,250000,WESTCOAST ENERGY INC.,3.77,2025-12-08 00:00:00,99.311,4.263523161632135,A(low),2024-06-25,2024-06-26
89117FYZ6,934000,TORONTO-DOMINION BANK (T,1.128,2025-12-09 00:00:00,96.015,3.976375865490687,AA,2024-06-25,2024-06-26
064164JA5,1000000,BANK OF NOVA SCOTIA,5.5,2025-12-29 00:00:00,101.606,4.387563388950238,AA(low),2024-06-25,2024-06-26
13607GRU0,918000,CANADIAN IMPERIAL BANK O,1.1,2026-01-19 00:00:00,95.573,4.050814109847552,AA(low),2024-06-25,2024-06-26
14046ZAL3,222000,CAPITAL POWER CORP,4.986,2026-01-23 00:00:00,100.509,4.61030744,BBB(low),2024-06-25,2024-06-26
89117F8V4,1000000,TORONTO-DOMINION BANK (T,4.344,2026-01-27 00:00:00,99.944,4.378754468700579,AA,2024-06-25,2024-06-26
11257ZAE9,1000000,BROOKFIELD ASSET MANAGEM,4.82,2026-01-28 00:00:00,100.665,4.30498949,A,2024-06-25,2024-06-26
44810ZBR0,1000000,HYDRO ONE INC.,2.77,2026-02-24 00:00:00,97.957,4.051517704880485,A(high),2024-06-25,2024-06-26
565018DF2,953000,MANULIFE BANK OF CANADA,1.337,2026-02-26 00:00:00,95.61,4.086108790037394,AA(low),2024-06-25,2024-06-26
29446NAK6,1000000,EQUITABLE BANK,3.362,2026-03-02 00:00:00,98.116,4.533375271085458,BBB(high),2024-06-25,2024-06-26
07813ZBT0,250000,BELL CANADA,3.55,2026-03-02 00:00:00,98.819,4.281314198142441,BBB(high),2024-06-25,2024-06-26
45823ZAE2,932000,INTACT FINANCIAL CORP,3.77,2026-03-02 00:00:00,99.497,4.07921258968452,A(high),2024-06-25,2024-06-26
06368DPC2,811000,BANK OF MONTREAL,1.758,2026-03-10 00:00:00,96.232,4.064498524823007,AA(low),2024-06-25,2024-06-26
87971MBC6,250000,TELUS CORPORATION,3.75,2026-03-10 00:00:00,99.09,4.305822372221185,BBB,2024-06-25,2024-06-26
02138ZAP8,250000,ALTAGAS SERVICES INC.,4.12,2026-04-07 00:00:00,99.397,4.472619932269827,BBB(low),2024-06-25,2024-06-26
34959ZAC6,298000,FORTISBC ENERGY INC,2.58,2026-04-08 00:00:00,97.455,4.071477858038811,A,2024-06-25,2024-06-26
136765BQ6,1000000,CANADIAN WESTERN BANK,1.926,2026-04-16 00:00:00,96.031,4.230444461152833,A(low),2024-06-25,2024-06-26
780086TM6,980000,ROYAL BANK OF CANADA,1.589,2026-05-04 00:00:00,95.627,4.05789809030814,AA,2024-06-25,2024-06-26
51925DCA2,1000000,LAURENTIAN BANK OF CANAD,1.603,2026-05-06 00:00:00,95.347,4.227730406410608,AAA,2024-06-25,2024-06-26
31943BBX7,77000,FIRST CAPITAL REALTY INC,3.604,2026-05-06 00:00:00,98.094,4.682796539999156,BBB,2024-06-25,2024-06-26
06415GH29,990000,BANK OF NOVA SCOTIA,5.5,2026-05-08 00:00:00,102.016,4.360570147298363,AA(low),2024-06-25,2024-06-26
40427HTM5,1000000,HSBC BANK CANADA,1.782,2026-05-20 00:00:00,95.796,4.104482497137865,AA(high),2024-06-25,2024-06-26
06368DTH7,1000000,BANK OF MONTREAL,1.551,2026-05-28 00:00:00,95.306,4.116635756193594,AA(low),2024-06-25,2024-06-26
02135ZAR7,1000000,ALTALINK LP,2.747,2026-05-29 00:00:00,97.533,4.092517236373541,A,2024-06-25,2024-06-26
90664ZAF7,250000,UNION GAS LIMITED  (F),2.81,2026-06-01 00:00:00,97.385,4.233162767806733,A,2024-06-25,2024-06-26
63306AGT7,1000000,NATIONAL BANK OF CANADA,1.534,2026-06-15 00:00:00,95.272,4.055214626574699,AA(low),2024-06-25,2024-06-26
87971MBL6,250000,TELUS CORPORATION,2.75,2026-07-08 00:00:00,97.252,4.173465148450914,BBB,2024-06-25,2024-06-26
13607HVV1,1000000,CANADIAN IMPERIAL BANK O,1.7,2026-07-15 00:00:00,95.488,4.011930423839422,AA(low),2024-06-25,2024-06-26
29250ZAV0,250000,ENBRIDGE PIPELINES INC.,3,2026-08-10 00:00:00,97.73,4.126003578166612,A,2024-06-25,2024-06-26
70632ZAG6,250000,PEMBINA PIPELINE INCOME,3.71,2026-08-11 00:00:00,99.03,4.189750159134291,BBB(high),2024-06-25,2024-06-26
07813ZBV5,250000,BELL CANADA,2.9,2026-08-12 00:00:00,97.541,4.116725771706149,BBB(high),2024-06-25,2024-06-26
63306AGJ9,1000000,NATIONAL BANK OF CANADA  (F),1.573,2026-08-18 00:00:00,97.165,4.130653323184111,AA(low),2024-06-25,2024-06-26
89119ZAJ2,1000000,TORONTO HYDRO CORPORATIO,2.52,2026-08-25 00:00:00,97.213,3.87324341433109,A,2024-06-25,2024-06-26
31430WHX5,1000000,CAISSE CENTRALE DESJARDI,1.587,2026-09-10 00:00:00,95.038,3.956637340279512,AA(low),2024-06-25,2024-06-26
565018DG0,914000,MANULIFE BANK OF CANADA,1.536,2026-09-14 00:00:00,95.045,3.889125518036229,AA(low),2024-06-25,2024-06-26
11287PAA3,500000,BROOKFIELD PROPERTIES CO,4,2026-09-30 00:00:00,98,4.942960832419891,BBB(low),2024-06-25,2024-06-26
21053ZAK0,250000,CONSUMERS' GAS COMPANY L,7.6,2026-10-29 00:00:00,107.178,4.339012687064209,A,2024-06-25,2024-06-26
06415FFT4,841000,BANK OF NOVA SCOTIA,1.85,2026-11-02 00:00:00,94.882,4.157117291058494,AA(low),2024-06-25,2024-06-26
63306AHB5,878000,NATIONAL BANK OF CANADA,2.237,2026-11-04 00:00:00,95.746,4.149922274939947,AA(low),2024-06-25,2024-06-26
064151QE6,1000000,BANK OF NOVA SCOTIA,2.62,2026-12-02 00:00:00,97.11,3.874843739002683,AA,2024-06-25,2024-06-26
06368AAA8,909000,BANK OF MONTREAL,2.7,2026-12-09 00:00:00,97.381,3.82805737118107,AA,2024-06-25,2024-06-26
45834ZAP4,250000,INTER PIPELINE LTD,3.484,2026-12-16 00:00:00,97.656,4.495800855373269,BBB(low),2024-06-25,2024-06-26
303901AY8,500000,FAIRFAX FINANCIAL HOLDIN,4.7,2026-12-16 00:00:00,101.097,4.18037655,A(low),2024-06-25,2024-06-26
13607HC34,860000,CANADIAN IMPERIAL BANK O,2.25,2027-01-07 00:00:00,95.382,4.192417850638631,AA(low),2024-06-25,2024-06-26
89117FZ44,1000000,TORONTO-DOMINION BANK (T,2.26,2027-01-07 00:00:00,95.475,4.162461249889888,AA,2024-06-25,2024-06-26
11282ZAL2,472000,BROOKFIELD RENEWABLE POW,3.63,2027-01-15 00:00:00,98.724,4.161429045811133,BBB(high),2024-06-25,2024-06-26
11286ZAD6,500000,BROOKFIELD PROPERTIES CO,3.93,2027-01-15 00:00:00,97.4,5.027248081893335,BBB(low),2024-06-25,2024-06-26
449586AC0,1000000,IGM FINANCIAL INC,3.44,2027-01-26 00:00:00,98.366,4.112415227557523,A(high),2024-06-25,2024-06-26
780086RQ9,998000,ROYAL BANK OF CANADA,2.328,2027-01-28 00:00:00,95.595,4.139777677875569,AA,2024-06-25,2024-06-26
37252BAD4,990000,GENWORTH MORTGAGE INSURA  (F),2.955,2027-03-01 00:00:00,96.014,4.548947675377045,A(high),2024-06-25,2024-06-26
06415GDE7,833000,BANK OF NOVA SCOTIA,2.95,2027-03-08 00:00:00,96.85,4.194219938415356,AA(low),2024-06-25,2024-06-26
15135UAU3,250000,CENOVUS ENERGY INC,3.6,2027-03-10 00:00:00,98.56,4.166350567089975,BBB(high),2024-06-25,2024-06-26
11257ZAF6,990000,BROOKFIELD ASSET MANAGEM,3.8,2027-03-16 00:00:00,99.605,3.952647322216936,A,2024-06-25,2024-06-26
06368DW26,999000,BANK OF MONTREAL,3.65,2027-04-01 00:00:00,98.665,4.164339635191172,AA(low),2024-06-25,2024-06-26
019456AE2,250000,ALLIED PROPERTIES REIT,3.113,2027-04-08 00:00:00,93.303,5.748212274926779,BBB,2024-06-25,2024-06-26
51925DCD6,1000000,LAURENTIAN BANK OF CANAD,3.545,2027-04-20 00:00:00,98.483,4.11930724124032,AAA,2024-06-25,2024-06-26
35085ZBN5,1000000,407 INTERNATIONAL INC.,2.43,2027-05-04 00:00:00,96.555,3.711599655047015,A,2024-06-25,2024-06-26
89117F7G8,866000,TORONTO-DOMINION BANK (T,4.21,2027-06-01 00:00:00,100.011,4.205029290407066,AA,2024-06-25,2024-06-26
06368D3U6,897000,BANK OF MONTREAL,4.309,2027-06-01 00:00:00,100.308,4.19315218,AA(low),2024-06-25,2024-06-26
45823ZAF9,980000,INTACT FINANCIAL CORP,2.85,2027-06-07 00:00:00,96.985,3.942855492840522,A(high),2024-06-25,2024-06-26
29251ZBK2,250000,ENBRIDGE INC.,3.2,2027-06-08 00:00:00,97.326,4.172493978661199,BBB(high),2024-06-25,2024-06-26
70632ZAF8,250000,PEMBINA PIPELINE INCOME,4.24,2027-06-15 00:00:00,100.058,4.218566277011885,BBB(high),2024-06-25,2024-06-26
13607HV66,970000,CANADIAN IMPERIAL BANK O,4.95,2027-06-29 00:00:00,101.916,4.24710298,AA(low),2024-06-25,2024-06-26
31943BBY5,128000,FIRST CAPITAL REALTY INC,3.753,2027-07-12 00:00:00,97.492,4.645453661855858,BBB,2024-06-25,2024-06-26
37482ZAC5,250000,GIBSON ENERGY INC,2.85,2027-07-14 00:00:00,96.165,4.202591251666245,BBB(low),2024-06-25,2024-06-26
780086VK7,964000,ROYAL BANK OF CANADA,4.612,2027-07-26 00:00:00,101.235,4.179661745262659,AA,2024-06-25,2024-06-26
136765BU7,979000,CANADIAN WESTERN BANK,5.146,2027-09-02 00:00:00,103.174,4.071240476881028,A(low),2024-06-25,2024-06-26
078149DW8,100000,BELL CANADA,7,2027-09-24 00:00:00,107.531,4.477142545910579,BBB(high),2024-06-25,2024-06-26
07813ZBY9,250000,BELL CANADA,3.6,2027-09-29 00:00:00,98.22,4.188596071067401,BBB(high),2024-06-25,2024-06-26
02138ZAQ6,250000,ALTAGAS SERVICES INC.,3.98,2027-10-04 00:00:00,99.115,4.270864345341773,BBB(low),2024-06-25,2024-06-26
68321ZAA9,250000,ONTARIO POWER GENERATION,3.315,2027-10-04 00:00:00,97.884,4.009918927473021,A(low),2024-06-25,2024-06-26
06415E4E2,940000,BANK OF NOVA SCOTIA,1.4,2027-11-01 00:00:00,92.173,3.916897634417936,AA(low),2024-06-25,2024-06-26
90664ZAX8,250000,UNION GAS LIMITED,2.88,2027-11-22 00:00:00,96.384,4.026400021987683,A,2024-06-25,2024-06-26
391906AC8,113000,GREATER TORONTO AIRPORTS,6.45,2027-12-03 00:00:00,107.512,4.084156485097205,A,2024-06-25,2024-06-26
303901AZ5,500000,FAIRFAX FINANCIAL HOLDIN,4.25,2027-12-06 00:00:00,100.393,4.11842487,A(low),2024-06-25,2024-06-26
59162NAF6,250000,METRO INC,3.39,2027-12-06 00:00:00,97.798,4.081072753892287,BBB(high),2024-06-25,2024-06-26
06368LEY8,1000000,BANK OF MONTREAL  (F),4.709,2027-12-07 00:00:00,101.58,4.20095275,AA(low),2024-06-25,2024-06-26
46152HAB7,500000,IGM FINANCIAL INC,6.65,2027-12-13 00:00:00,108.036,4.135758127208248,A(high),2024-06-25,2024-06-26
136765BN3,1000000,CANADIAN WESTERN BANK,1.818,2027-12-16 00:00:00,93.154,3.946789169313714,A(low),2024-06-25,2024-06-26
83179XAH1,250000,SMART REIT,3.834,2027-12-21 00:00:00,97.398,4.650927538729117,BBB,2024-06-25,2024-06-26
459058KM4,500000,INTERNATIONAL BANK FOR R,3.7,2028-01-18 00:00:00,100.711,3.485413429198672,-,2024-06-25,2024-06-26
87971MBQ5,250000,TELUS CORPORATION,2.35,2028-01-27 00:00:00,93.809,4.228672062511562,BBB,2024-06-25,2024-06-26
064151S95,1000000,BANK OF NOVA SCOTIA,3.1,2028-02-02 00:00:00,97.606,3.817032347641784,AA,2024-06-25,2024-06-26
15135UAT6,250000,CENOVUS ENERGY INC,3.5,2028-02-07 00:00:00,97.474,4.260281225669976,BBB(high),2024-06-25,2024-06-26
11287PAB1,500000,BROOKFIELD PROPERTIES CO  (F),7.125,2028-02-13 00:00:00,106.1,5.21809908,BBB(low),2024-06-25,2024-06-26
39138CAH9,1000000,GREAT-WEST LIFECO INC.,3.337,2028-02-28 00:00:00,97.968,3.935491406020716,A(high),2024-06-25,2024-06-26
06368BTX6,1000000,BANK OF MONTREAL,3.19,2028-03-01 00:00:00,97.612,3.891351893508591,AA,2024-06-25,2024-06-26
87971MBG7,250000,TELUS CORPORATION,3.625,2028-03-01 00:00:00,97.919,4.240090503756472,BBB,2024-06-25,2024-06-26
89117FA33,1000000,TORONTO-DOMINION BANK (T,1.888,2028-03-08 00:00:00,92.879,3.97541364544676,AA,2024-06-25,2024-06-26
17039AAN6,230000,CHOICE PROPERTIES REIT,4.178,2028-03-08 00:00:00,99.504,4.322874462164718,BBB(high),2024-06-25,2024-06-26
89353ZCA4,240000,TRANSCANADA PIPELINES LI,3.39,2028-03-15 00:00:00,97.461,4.132068805694865,BBB(high),2024-06-25,2024-06-26
70632ZAK7,250000,PEMBINA PIPELINE INCOME,4.02,2028-03-27 00:00:00,99.117,4.275630917085788,BBB(high),2024-06-25,2024-06-26
045167FD0,500000,ASIA DEVELOPMENT BANK,1.5,2028-05-04 00:00:00,92.897,3.484190334029982,-,2024-06-25,2024-06-26
627912AB4,34000,CLARICA LIFE INSURANCE C,6.3,2028-05-15 00:00:00,108.188,4.002269457543533,AA(low),2024-06-25,2024-06-26
45823TAF3,1000000,INTACT FINANCIAL CORP,2.17,2028-05-18 00:00:00,94.057,3.836094046171367,A(high),2024-06-25,2024-06-26
458182EK4,500000,INTER-AMERICAN DEVELOPME,3.4,2028-05-24 00:00:00,99.715,3.47798970899677,-,2024-06-25,2024-06-26
06368LNK8,1000000,BANK OF MONTREAL  (F),5.039,2028-05-29 00:00:00,102.858,4.22511144,AA(low),2024-06-25,2024-06-26
63306AHP4,935000,NATIONAL BANK OF CANADA,5.219,2028-06-14 00:00:00,103.495,4.25186620794612,AA(low),2024-06-25,2024-06-26
49327ZAA3,250000,KEYERA CORP,3.934,2028-06-21 00:00:00,98.621,4.314084566257085,BBB,2024-06-25,2024-06-26
70137WAB4,500000,PARKLAND CORP CANADA,6,2028-06-23 00:00:00,101.5,4.43682064,BB,2024-06-25,2024-06-26
780086TY0,825000,ROYAL BANK OF CANADA,1.833,2028-07-31 00:00:00,92.623,3.794168240176746,AA,2024-06-25,2024-06-26
136375CR1,1495000,CN RAILWAY COMPANY,3.2,2028-07-31 00:00:00,97.649,3.824920936861763,A,2024-06-25,2024-06-26
07813ZCA0,250000,BELL CANADA,3.8,2028-08-21 00:00:00,98.421,4.217259851228951,BBB(high),2024-06-25,2024-06-26
44889ZFE1,1000000,HYDRO-QUEBEC,2,2028-09-01 00:00:00,94.38,3.454273231542718,-,2024-06-25,2024-06-26
89117FJ34,1000000,TORONTO-DOMINION BANK (T,1.896,2028-09-11 00:00:00,92.351,3.882697016227247,AA,2024-06-25,2024-06-26
11291ZAE7,1000000,BROOKFIELD INFRASTRUCTUR,4.193,2028-09-11 00:00:00,99.664,4.279662123084933,-,2024-06-25,2024-06-26
02091ZAA6,500000,ALTAGAS CANADA INC.,4.26,2028-12-05 00:00:00,99.513,4.38124188945082,BBB(high),2024-06-25,2024-06-26
134917AE3,492000,CANADA LIFE ASSURANCE CO,6.4,2028-12-11 00:00:00,109.21,4.11738205343149,AA(low),2024-06-25,2024-06-26
89117GRJ8,930000,TORONTO-DOMINION BANK (T,4.68,2029-01-08 00:00:00,101.907,4.213083597451027,AA,2024-06-25,2024-06-26
11282ZAM0,1000000,BROOKFIELD RENEWABLE POW,4.25,2029-01-15 00:00:00,100.248,4.18705914,BBB(high),2024-06-25,2024-06-26
136375CS9,919000,CN RAILWAY COMPANY,3,2029-02-08 00:00:00,96.667,3.792973333584642,A,2024-06-25,2024-06-26
29250ZAX6,250000,ENBRIDGE PIPELINES INC.,3.52,2029-02-22 00:00:00,97.149,4.199509466277369,A,2024-06-25,2024-06-26
13645RAZ7,951000,CANADIAN PACIFIC RAILWAY,3.15,2029-03-13 00:00:00,96.603,3.945792194060577,BBB,2024-06-25,2024-06-26
70632ZAM3,250000,PEMBINA PIPELINE INCOME,3.62,2029-04-03 00:00:00,97.06,4.307240823171451,BBB(high),2024-06-25,2024-06-26
44810ZBZ2,1000000,HYDRO ONE INC.,3.02,2029-04-05 00:00:00,96.494,3.829437231903148,A(high),2024-06-25,2024-06-26
775109BJ9,250000,ROGERS COMMUNICATIONS IN,3.25,2029-05-01 00:00:00,95.203,4.357554694165945,BBB(low),2024-06-25,2024-06-26
07813ZAC8,250000,BELL CANADA,6.55,2029-05-01 00:00:00,109.034,4.455615316080341,BBB(high),2024-06-25,2024-06-26
87971MBJ1,250000,TELUS CORPORATION,3.3,2029-05-02 00:00:00,95.832,4.259352078222409,BBB,2024-06-25,2024-06-26
17039AAP1,250000,CHOICE PROPERTIES REIT,3.532,2029-06-11 00:00:00,96.069,4.423181321276498,BBB(high),2024-06-25,2024-06-26
303901BD3,500000,FAIRFAX FINANCIAL HOLDIN,4.23,2029-06-14 00:00:00,99.799,4.275034843749011,A(low),2024-06-25,2024-06-26
294105AB7,1000000,EPCOR UTILITIES INC.,6.8,2029-06-28 00:00:00,111.74,4.1764669984729,A(low),2024-06-25,2024-06-26
29260ZAA4,250000,ENBRIDGE GAS INC,2.37,2029-08-09 00:00:00,92.615,3.977776348395585,A,2024-06-25,2024-06-26
008911BL2,500000,AIR CANADA,4.625,2029-08-15 00:00:00,99.25,4.790209243561835,-,2024-06-25,2024-06-26
44889ZFJ0,1000000,HYDRO-QUEBEC,3.4,2029-09-01 00:00:00,99.518,3.501790103917199,-,2024-06-25,2024-06-26
07813ZCC6,250000,BELL CANADA,2.9,2029-09-10 00:00:00,93.657,4.270851105766813,BBB(high),2024-06-25,2024-06-26
68321ZAD3,250000,ONTARIO POWER GENERATION,2.977,2029-09-13 00:00:00,95.292,3.985053668604235,A(low),2024-06-25,2024-06-26
37482ZAA9,250000,GIBSON ENERGY INC,3.6,2029-09-17 00:00:00,96.69,4.313241545383289,BBB(low),2024-06-25,2024-06-26
89353ZCE6,250000,TRANSCANADA PIPELINES LI,3,2029-09-18 00:00:00,94.892,4.094417820863125,BBB(high),2024-06-25,2024-06-26
29251ZBS5,250000,ENBRIDGE INC.,2.99,2029-10-03 00:00:00,94.13,4.243991016991493,BBB(high),2024-06-25,2024-06-26
11291ZAF4,975000,BROOKFIELD INFRASTRUCTUR,3.41,2029-10-09 00:00:00,95.301,4.41533061393821,-,2024-06-25,2024-06-26
89119ZAL7,1000000,TORONTO HYDRO CORPORATIO,2.43,2029-12-11 00:00:00,93.105,3.841999198644657,A,2024-06-25,2024-06-26
11282ZAN8,807000,BROOKFIELD RENEWABLE POW,3.38,2030-01-15 00:00:00,95.801,4.236308285334763,BBB(high),2024-06-25,2024-06-26
70632ZAQ4,250000,PEMBINA PIPELINE INCOME,3.31,2030-02-01 00:00:00,94.614,4.405404196062916,BBB(high),2024-06-25,2024-06-26
14046ZAM1,250000,CAPITAL POWER CORP,4.424,2030-02-08 00:00:00,98.698,4.689359278478136,BBB(low),2024-06-25,2024-06-26
87971MBN2,250000,TELUS CORPORATION,3.15,2030-02-19 00:00:00,94.155,4.326800749433814,BBB,2024-06-25,2024-06-26
45075EAB0,1000000,IA FINANCIAL CORP INC  (F),2.4,2030-02-21 00:00:00,99.365,3.387482823303393,A(low),2024-06-25,2024-06-26
220874AM3,250000,CORUS ENTERTAINMENT,6,2030-02-28 00:00:00,48,22.76171054320777,BB(low),2024-06-25,2024-06-26
35085ZBT2,993000,407 INTERNATIONAL INC.,3.14,2030-03-06 00:00:00,96.523,3.824463091321887,A,2024-06-25,2024-06-26
86721ZAQ2,250000,SUNCOR ENERGY INC.  (F),5,2030-04-09 00:00:00,102.612,4.4623215,A(low),2024-06-25,2024-06-26
56501RAH9,1000000,MANULIFE FINANCIAL CORP  (F),2.237,2030-05-12 00:00:00,98.68,3.777874252252957,A,2024-06-25,2024-06-26
39138CAK2,998000,GREAT-WEST LIFECO INC.,2.379,2030-05-14 00:00:00,92.002,3.913794333047235,A(high),2024-06-25,2024-06-26
31430WDW1,1000000,FEDERATION DES CAISSES  (F),2.856,2030-05-26 00:00:00,99.076,3.890702581839249,A(low),2024-06-25,2024-06-26
448810AC5,1000000,HYDRO ONE INC.,7.35,2030-06-03 00:00:00,116.737,4.140561333067473,A(high),2024-06-25,2024-06-26
39191ZAA7,500000,GREATER TORONTO AIRPORTS,7.05,2030-06-12 00:00:00,114.503,4.268451047861221,A,2024-06-25,2024-06-26
06369ZCF9,980000,BANK OF MONTREAL  (F),2.077,2030-06-17 00:00:00,98.224,3.950500774036968,A(low),2024-06-25,2024-06-26
368271AU6,29000,"GAZ METROPOLITAIN, INC.",7.05,2030-10-30 00:00:00,114.363,4.426968374948074,A,2024-06-25,2024-06-26
45823TAB2,971000,INTACT FINANCIAL CORP,1.928,2030-12-16 00:00:00,88.885,3.886732353116406,A(high),2024-06-25,2024-06-26
87262KAF2,939000,TMX GROUP LTD  (F),2.01,2031-02-12 00:00:00,87.803,4.138320797713752,AA(low),2024-06-25,2024-06-26
303901BG6,500000,FAIRFAX FINANCIAL HOLDIN,3.95,2031-03-03 00:00:00,96.89,4.492666612868543,A(low),2024-06-25,2024-06-26
8911457R9,998000,TORONTO-DOMINION BANK (T  (F),4.859,2031-03-04 00:00:00,100.992,4.240885067738036,A,2024-06-25,2024-06-26
07813ZAL8,50000,BELL CANADA,7.85,2031-04-02 00:00:00,117.123,4.849705520846298,BBB(high),2024-06-25,2024-06-26
46152HAD3,500000,IGM FINANCIAL INC,7.45,2031-05-09 00:00:00,118.198,4.355084760099666,A(high),2024-06-25,2024-06-26
31430WGC2,1000000,CAISSE CENTRALE DESJARDI,1.992,2031-05-28 00:00:00,95.851,4.26340680280146,A(low),2024-06-25,2024-06-26
39191ZAC3,500000,GREATER TORONTO AIRPORTS,7.1,2031-06-04 00:00:00,116.608,4.305428408167497,A,2024-06-25,2024-06-26
06369ZCG7,996000,BANK OF MONTREAL  (F),1.928,2031-07-22 00:00:00,95.362,4.291304094179289,A(low),2024-06-25,2024-06-26
29260ZAE6,250000,ENBRIDGE GAS INC,2.35,2031-09-15 00:00:00,88.834,4.155511560093647,A,2024-06-25,2024-06-26
44810ZCG3,1000000,HYDRO ONE INC.,2.23,2031-09-17 00:00:00,88.946,4.006698788484079,A(high),2024-06-25,2024-06-26
19239CAA4,500000,COGECO CABLE INC.,2.991,2031-09-22 00:00:00,89.819,4.663591605467745,BBB(low),2024-06-25,2024-06-26
45075EAA2,1000000,IA FINANCIAL CORP INC  (F),3.072,2031-09-24 00:00:00,97.342,4.325418838289361,A(low),2024-06-25,2024-06-26
291839AG3,500000,EMPIRE LIFE INSURANCE CO,2.024,2031-09-24 00:00:00,95.342,4.219615052396201,A(low),2024-06-25,2024-06-26
89119ZAP8,1000000,TORONTO HYDRO CORPORATIO,2.47,2031-10-20 00:00:00,90.315,4.009986549615956,A,2024-06-25,2024-06-26
87971MBV4,250000,TELUS CORPORATION,2.85,2031-11-13 00:00:00,89.459,4.546809359659662,BBB,2024-06-25,2024-06-26
39138CAB2,250000,GREAT-WEST LIFECO INC.,6.74,2031-11-24 00:00:00,114.576,4.411713384046293,A(high),2024-06-25,2024-06-26
89117FPG8,869000,TORONTO-DOMINION BANK (T  (F),3.06,2032-01-26 00:00:00,96.757,4.401321090512898,A,2024-06-25,2024-06-26
45075EAC8,1000000,IA FINANCIAL CORP INC  (F),3.187,2032-02-25 00:00:00,96.99,4.396754797396811,A(low),2024-06-25,2024-06-26
775109BV2,250000,ROGERS COMMUNICATIONS IN,4.25,2032-04-15 00:00:00,97.078,4.700750734217046,BBB(low),2024-06-25,2024-06-26
06415GDJ6,1000000,BANK OF NOVA SCOTIA  (F),3.934,2032-05-03 00:00:00,98.639,4.445475905297604,A(low),2024-06-25,2024-06-26
86682ZAM8,807000,SUN LIFE FINANCIAL INC  (F),2.58,2032-05-10 00:00:00,95.599,4.222159169490037,A,2024-06-25,2024-06-26
89353ZCK2,250000,TRANSCANADA PIPELINES LI,5.33,2032-05-12 00:00:00,104.618,4.60533371,BBB(high),2024-06-25,2024-06-26
44810ZAB6,500000,HYDRO ONE INC.,6.93,2032-06-01 00:00:00,117.113,4.354609079188411,A(high),2024-06-25,2024-06-26
51925DCC8,990000,LAURENTIAN BANK OF CANAD  (F),5.095,2032-06-15 00:00:00,96.719,6.323198673332768,BB(high),2024-06-25,2024-06-26
63306AHF6,1000000,NATIONAL BANK OF CANADA  (F),5.426,2032-08-16 00:00:00,102.687,4.499213175599428,A(low),2024-06-25,2024-06-26
31430WRG1,1000000,CAISSE CENTRALE DESJARDI,5.035,2032-08-23 00:00:00,101.563,4.498961729352505,A(low),2024-06-25,2024-06-26
39191ZAF6,500000,GREATER TORONTO AIRPORTS,6.98,2032-10-15 00:00:00,118.152,4.350562021096113,A,2024-06-25,2024-06-26
06369ZCH5,1000000,BANK OF MONTREAL  (F),6.534,2032-10-27 00:00:00,106.37,4.455412973419698,A(low),2024-06-25,2024-06-26
136765BV5,1000000,CANADIAN WESTERN BANK  (F),5.937,2032-12-22 00:00:00,104.155,4.63334923157336,BBB(low),2024-06-25,2024-06-26
291839AH1,500000,EMPIRE LIFE INSURANCE CO,5.503,2033-01-13 00:00:00,102.968,4.58591263564653,A(low),2024-06-25,2024-06-26
59162NAL3,250000,METRO INC  (F),4.657,2033-02-07 00:00:00,101.585,4.42819045,BBB(high),2024-06-25,2024-06-26
46152HAG6,250000,IGM FINANCIAL INC,7.11,2033-03-07 00:00:00,117.941,4.584332248904365,A(high),2024-06-25,2024-06-26
56501RAQ9,1000000,MANULIFE FINANCIAL CORP  (F),5.409,2033-03-10 00:00:00,103.409,4.400066165910206,A,2024-06-25,2024-06-26
73927CAB6,500000,POWER FINANCE CORP.,6.9,2033-03-11 00:00:00,115.32,4.731835388536149,A(high),2024-06-25,2024-06-26
39138CAD8,250000,GREAT-WEST LIFECO INC.,6.67,2033-03-21 00:00:00,115.652,4.483635904529581,A(high),2024-06-25,2024-06-26
87971MCA9,250000,TELUS CORPORATION  (F),4.95,2033-03-28 00:00:00,101.674,4.70856636,BBB,2024-06-25,2024-06-26
136375DE9,981000,CANADIAN NATIONAL RAILWA  (F),4.4,2033-05-10 00:00:00,101.413,4.2029712,A,2024-06-25,2024-06-26
29251ZBZ9,250000,ENBRIDGE INC.  (F),5.36,2033-05-26 00:00:00,104.848,4.67360678,BBB(high),2024-06-25,2024-06-26
35085ZBP0,849000,407 INTERNATIONAL INC.,3.43,2033-06-01 00:00:00,94.28,4.204520462805519,A,2024-06-25,2024-06-26
89119ZAS2,1000000,TORONTO HYDRO CORPORATIO  (F),4.61,2033-06-14 00:00:00,103.123,4.1791034,A,2024-06-25,2024-06-26
37482ZAF8,100000,GIBSON ENERGY INC  (F),5.75,2033-07-12 00:00:00,106.565,4.82535396,BBB(low),2024-06-25,2024-06-26
06415GM98,1000000,BANK OF NOVA SCOTIA  (F),5.679,2033-08-02 00:00:00,104.059,4.580852158226032,A(low),2024-06-25,2024-06-26
66988ZAU3,1000000,NOVA SCOTIA POWER INC.,6.95,2033-08-25 00:00:00,115.223,4.869758300532104,BBB(high),2024-06-25,2024-06-26
87971MCC5,250000,TELUS CORPORATION  (F),5.75,2033-09-08 00:00:00,107.131,4.7618623,BBB,2024-06-25,2024-06-26
29251ZBU0,250000,ENBRIDGE INC.  (F),3.1,2033-09-21 00:00:00,88.394,4.659990281865832,BBB(high),2024-06-25,2024-06-26
11282ZAS7,996000,BROOKFIELD RENEWABLE POW  (F),5.292,2033-10-28 00:00:00,104.77,4.64241419,BBB(high),2024-06-25,2024-06-26
86682ZAQ9,1000000,SUN LIFE FINANCIAL INC  (F),2.8,2033-11-21 00:00:00,93.987,4.313755266342284,A,2024-06-25,2024-06-26
44810ZAD2,500000,HYDRO ONE INC.,6.35,2034-01-31 00:00:00,114.735,4.446234203016472,A(high),2024-06-25,2024-06-26
39191ZAJ8,500000,GREATER TORONTO AIRPORTS,6.47,2034-02-02 00:00:00,115.918,4.41711367054999,A,2024-06-25,2024-06-26
88078ZAB0,1000000,BC GAS INCORPORATED,6.5,2034-05-01 00:00:00,115.43,4.538603731414609,A,2024-06-25,2024-06-26
86682ZAS5,1000000,SUN LIFE FINANCIAL INC  (F),4.78,2034-08-10 00:00:00,102.823,4.161502808252203,A,2024-06-25,2024-06-26
110574AC4,500000,BRITISH COLUMBIA FERRY S,6.25,2034-10-13 00:00:00,116.062,4.301920957507513,A(high),2024-06-25,2024-06-26
34957EAB7,1000000,FORTISALBERTA INC,6.22,2034-10-31 00:00:00,114.722,4.429706737962973,A(low),2024-06-25,2024-06-26
12657ZAJ2,500000,CANADIAN UTILITIES LIMIT,5.896,2034-11-20 00:00:00,113.088,4.31976515757568,A(high),2024-06-25,2024-06-26
88078ZAC8,500000,BC GAS UTILITY LTD.,5.9,2035-02-26 00:00:00,112.097,4.461586503931736,A,2024-06-25,2024-06-26
07813ZAT1,226000,BELL CANADA,6.1,2035-03-16 00:00:00,110.81,4.797566226934689,BBB(high),2024-06-25,2024-06-26
56501RAJ5,817000,MANULIFE FINANCIAL CORP  (F),2.818,2035-05-13 00:00:00,92.587,4.255704516996723,A,2024-06-25,2024-06-26
10549PAJ0,500000,BROOKFIELD ASSET MANAGEM,5.95,2035-06-14 00:00:00,109.545,4.819060784218589,A,2024-06-25,2024-06-26
86682ZAT3,1000000,SUN LIFE FINANCIAL INC  (F),5.5,2035-07-04 00:00:00,106.332,4.295251282181003,A,2024-06-25,2024-06-26
86682ZAN6,1000000,SUN LIFE FINANCIAL INC  (F),2.06,2035-10-01 00:00:00,87.93,4.276038381480244,A,2024-06-25,2024-06-26
83357ZAD9,40000,SOBEYS INC.,6.06,2035-10-29 00:00:00,112.356,4.645302118286034,BBB,2024-06-25,2024-06-26
29251ZAQ0,250000,ENBRIDGE INC.,5.57,2035-11-14 00:00:00,105.791,4.899589714676604,BBB(high),2024-06-25,2024-06-26
29410ZAF2,500000,EPCOR UTILITIES INC.,5.65,2035-11-16 00:00:00,111.171,4.392295436259938,A(low),2024-06-25,2024-06-26
12657ZAK9,500000,CU INC.,5.183,2035-11-21 00:00:00,106.892,4.407024394807804,A(high),2024-06-25,2024-06-26
35085ZAD8,500000,407 INTERNATIONAL INC.,5.96,2035-12-03 00:00:00,114.599,4.327805513857869,A,2024-06-25,2024-06-26
53947ZAY3,25000,LOBLAW COMPANIES LIMITED,5.9,2036-01-18 00:00:00,110.523,4.708788921691133,BBB(high),2024-06-25,2024-06-26
35085ZAM8,500000,407 INTERNATIONAL INC.,5.75,2036-02-14 00:00:00,110.429,4.582803994090999,BBB,2024-06-25,2024-06-26
34957EAC5,500000,FORTISALBERTA INC,5.4,2036-04-21 00:00:00,107.676,4.552301444061418,A(low),2024-06-25,2024-06-26
44810ZAP5,500000,HYDRO ONE INC.,5.36,2036-05-20 00:00:00,108.753,4.406395379862805,A(high),2024-06-25,2024-06-26
88078ZAE4,500000,FORTISBC ENERGY INC,5.55,2036-09-25 00:00:00,109.107,4.569914059107549,A,2024-06-25,2024-06-26
83357ZAE7,50000,SOBEYS INC.,5.79,2036-10-06 00:00:00,111.359,4.570069565139772,BBB,2024-06-25,2024-06-26
86682ZAR7,857000,SUN LIFE FINANCIAL INC,3.15,2036-11-18 00:00:00,92.179,4.400164824365523,A,2024-06-25,2024-06-26
12657ZAM5,500000,CU INC.,5.032,2036-11-20 00:00:00,105.798,4.419158610026598,A(high),2024-06-25,2024-06-26
07813ZBL7,245000,BELL CANADA,6.17,2037-02-26 00:00:00,111.292,4.957994004153337,BBB(high),2024-06-25,2024-06-26
44810ZAS9,500000,HYDRO ONE INC.,4.89,2037-03-13 00:00:00,103.79,4.494732955930691,A(high),2024-06-25,2024-06-26
110574AD2,500000,BRITISH COLUMBIA FERRY S,5.021,2037-03-20 00:00:00,106.108,4.389052471540634,A(high),2024-06-25,2024-06-26
88078ZAF1,500000,TERASEN GAS INC,6,2037-10-02 00:00:00,114.079,4.572084120452512,A,2024-06-25,2024-06-26
36158ZBK1,84000,GE CAPITAL CANADA FUNDIN,5.73,2037-10-22 00:00:00,106.251,5.077757476439677,-,2024-06-25,2024-06-26
12657ZAN3,500000,CU INC.,5.556,2037-10-30 00:00:00,110.712,4.480171550971638,A(high),2024-06-25,2024-06-26
110574AF7,500000,BRITISH COLUMBIA FERRY S,5.581,2038-01-11 00:00:00,112.756,4.32618302667538,A(high),2024-06-25,2024-06-26
88100BAA7,500000,FORTISBC ENERGY VANCOUVE,6.05,2038-02-15 00:00:00,114.925,4.566891919364922,A,2024-06-25,2024-06-26
29410ZAH8,500000,EPCOR UTILITIES INC.,6.65,2038-04-15 00:00:00,121.849,4.506069448217209,A(low),2024-06-25,2024-06-26
88078ZAG9,500000,BC GAS UTILITY LTD.,5.8,2038-05-13 00:00:00,112.463,4.576458713674101,A,2024-06-25,2024-06-26
12657ZAQ6,500000,CU INC.,5.58,2038-05-26 00:00:00,110.263,4.574455557769044,A(high),2024-06-25,2024-06-26
89353ZBU1,100000,TRANSCANADA PIPELINES LI,8.05,2039-02-17 00:00:00,129.984,5.114755851921379,BBB(high),2024-06-25,2024-06-26
88078ZAH7,500000,FORTISBC ENERGY INC,6.55,2039-02-24 00:00:00,120.722,4.591632660564655,A,2024-06-25,2024-06-26
44810ZAX8,500000,HYDRO ONE INC.,6.03,2039-03-03 00:00:00,115.636,4.557282468061973,A(high),2024-06-25,2024-06-26
12657ZAS2,494000,CU INC.,6.5,2039-03-07 00:00:00,120.346,4.58169669767583,A(high),2024-06-25,2024-06-26
739239AC5,250000,POWER CORPORATION CANADA,8.57,2039-04-22 00:00:00,143.228,4.532359922418552,A,2024-06-25,2024-06-26
29251ZAV9,250000,ENBRIDGE INC.,5.75,2039-09-02 00:00:00,106.318,5.144572086812761,BBB(high),2024-06-25,2024-06-26
34957ZAM6,500000,FORTISALBERTA INC,5.37,2039-10-30 00:00:00,108.462,4.594804034286705,A(low),2024-06-25,2024-06-26
775109AP6,100000,ROGERS COMMUNICATIONS IN,6.68,2039-11-04 00:00:00,115.116,5.234550584619657,BBB(low),2024-06-25,2024-06-26
39138CAF3,500000,GREAT-WEST LIFECO INC.,5.998,2039-11-16 00:00:00,114.799,4.641150684133541,A(high),2024-06-25,2024-06-26
45823ZAB8,250000,INTACT FINANCIAL CORP,6.4,2039-11-23 00:00:00,120.476,4.537840774171443,A(high),2024-06-25,2024-06-26
29410ZAJ4,500000,EPCOR UTILITIES INC.,5.75,2039-11-24 00:00:00,113.642,4.511646261374553,A(low),2024-06-25,2024-06-26
29250ZAM0,150000,ENBRIDGE PIPELINES INC.,5.33,2040-04-06 00:00:00,102.302,5.11486675878691,A,2024-06-25,2024-06-26
89119ZAC7,500000,TORONTO HYDRO CORPORATIO,5.54,2040-05-21 00:00:00,111.912,4.483933353453636,A,2024-06-25,2024-06-26
39191ZAW9,500000,GREATER TORONTO AIRPORTS,5.63,2040-06-07 00:00:00,113.418,4.446194895762053,-,2024-06-25,2024-06-26
44810ZAY6,500000,HYDRO ONE INC.,5.49,2040-07-16 00:00:00,110.471,4.562656430395304,A(high),2024-06-25,2024-06-26
90664ZAT7,150000,UNION GAS LIMITED,5.2,2040-07-23 00:00:00,106.434,4.627820385476348,A,2024-06-25,2024-06-26
775109AQ4,100000,ROGERS COMMUNICATIONS IN,6.11,2040-08-25 00:00:00,109.206,5.24038218,BBB(low),2024-06-25,2024-06-26
29251ZAY3,205000,ENBRIDGE INC.,5.12,2040-09-28 00:00:00,99.719,5.144963094118014,BBB(high),2024-06-25,2024-06-26
449586AB2,250000,IGM FINANCIAL INC,6,2040-12-10 00:00:00,116.104,4.56745837,A(high),2024-06-25,2024-06-26
39191ZAX7,500000,GREATER TORONTO AIRPORTS,5.3,2041-02-25 00:00:00,109.949,4.447779256236837,A,2024-06-25,2024-06-26
775109AT8,100000,ROGERS COMMUNICATIONS IN,6.56,2041-03-22 00:00:00,114.421,5.23020924,BBB(low),2024-06-25,2024-06-26
90664ZAU4,150000,UNION GAS LIMITED  (F),4.88,2041-06-21 00:00:00,102.555,4.65622588,A,2024-06-25,2024-06-26
44810ZBD1,500000,HYDRO ONE INC.,4.39,2041-09-26 00:00:00,98.121,4.547837747151279,A(high),2024-06-25,2024-06-26
34957ZAP9,500000,FORTISALBERTA INC,4.54,2041-10-18 00:00:00,99.873,4.550176146900405,A(low),2024-06-25,2024-06-26
12657ZAW3,461000,CU INC.,4.543,2041-10-24 00:00:00,99.56,4.579573107300528,A(high),2024-06-25,2024-06-26
95751ZAN3,250000,WESTCOAST ENERGY INC.,4.791,2041-10-28 00:00:00,99.695,4.816612880725739,A(low),2024-06-25,2024-06-26
02135ZAE6,500000,ALTALINK LP,4.462,2041-11-08 00:00:00,99.068,4.539739268725191,A,2024-06-25,2024-06-26
89353ZBV9,100000,TRANSCANADA PIPELINES LI,4.55,2041-11-15 00:00:00,93.749,5.095870449805508,BBB(high),2024-06-25,2024-06-26
39191ZAY5,500000,GREATER TORONTO AIRPORTS,4.53,2041-12-02 00:00:00,101.156,4.433865923528534,A,2024-06-25,2024-06-26
56502FAA9,250000,MANULIFE FINANCE (DELAWA  (F),5.059,2041-12-15 00:00:00,102.258,4.815853745323738,A,2024-06-25,2024-06-26
866796AD7,250000,SUN LIFE FINANCIAL INC  (F),5.4,2042-05-29 00:00:00,106.442,4.727737381179548,A,2024-06-25,2024-06-26
45823ZAD4,250000,INTACT FINANCIAL CORP,5.16,2042-06-16 00:00:00,109.042,4.425211901035754,A(high),2024-06-25,2024-06-26
02135ZAF3,500000,ALTALINK LP,3.99,2042-06-30 00:00:00,93.314,4.537264805215255,A,2024-06-25,2024-06-26
29251ZBB2,150000,ENBRIDGE INC.,4.24,2042-08-27 00:00:00,89.612,5.124962608192372,BBB(high),2024-06-25,2024-06-26
12657ZAY9,500000,CU INC.,3.805,2042-09-10 00:00:00,90.555,4.574612268421863,A(high),2024-06-25,2024-06-26
87971MAS2,250000,TELUS CORPORATION  (F),4.4,2043-04-01 00:00:00,90.065,5.237332462859729,BBB,2024-06-25,2024-06-26
44810ZAE0,500000,HYDRO ONE INC.,6.59,2043-04-22 00:00:00,124.993,4.591748115895145,A(high),2024-06-25,2024-06-26
70632ZAC5,150000,PEMBINA PIPELINE INCOME,4.75,2043-04-30 00:00:00,94.026,5.252658133916804,BBB(high),2024-06-25,2024-06-26
34957ZAR5,500000,FORTISALBERTA INC,4.85,2043-09-11 00:00:00,103.091,4.6012746,A(low),2024-06-25,2024-06-26
44810ZBK5,500000,HYDRO ONE INC.,4.59,2043-10-09 00:00:00,100.226,4.57143881,A(high),2024-06-25,2024-06-26
87971MAU7,250000,TELUS CORPORATION  (F),5.15,2043-11-26 00:00:00,98.769,5.251500651460253,BBB,2024-06-25,2024-06-26
70632ZAD3,150000,PEMBINA PIPELINE INCOME,4.81,2044-03-25 00:00:00,94.53,5.25793464125907,BBB(high),2024-06-25,2024-06-26
87971MAW3,250000,TELUS CORPORATION,4.85,2044-04-05 00:00:00,95.116,5.249062006584646,BBB,2024-06-25,2024-06-26
45834ZAE9,250000,INTER PIPELINE LTD,4.637,2044-05-30 00:00:00,86.678,5.770263684449019,BBB(low),2024-06-25,2024-06-26
90664ZAD2,150000,UNION GAS LIMITED,4.2,2044-06-02 00:00:00,93.983,4.666754670784757,A,2024-06-25,2024-06-26
44810ZBN9,500000,HYDRO ONE INC.,4.17,2044-06-06 00:00:00,94.932,4.559425912582664,A(high),2024-06-25,2024-06-26
02138ZAL7,74000,ALTAGAS SERVICES INC.,4.5,2044-08-15 00:00:00,89.24,5.38114078821412,BBB(low),2024-06-25,2024-06-26
29290ZAP5,150000,ENBRIDGE GAS DISTRIBUTIO,4,2044-08-22 00:00:00,91.488,4.655127920320743,A,2024-06-25,2024-06-26
12657ZBE2,457000,CU INC.,4.085,2044-09-02 00:00:00,93.413,4.588522263494686,A(high),2024-06-25,2024-06-26
35085ZBQ8,500000,407 INTERNATIONAL INC.,3.65,2044-09-08 00:00:00,88.269,4.543147047084381,A,2024-06-25,2024-06-26
07813ZBH6,250000,BELL CANADA,4.75,2044-09-29 00:00:00,95.085,5.142801445953957,BBB(high),2024-06-25,2024-06-26
87971MAY9,250000,TELUS CORPORATION,4.75,2045-01-17 00:00:00,93.861,5.241137879527205,BBB,2024-06-25,2024-06-26
35085ZBK1,500000,407 INTERNATIONAL INC.,3.3,2045-03-27 00:00:00,83.443,4.539857559998068,A,2024-06-25,2024-06-26
02135ZAQ9,500000,ALTALINK LP,4.09,2045-06-30 00:00:00,94.154,4.523987934382392,A,2024-06-25,2024-06-26
12657ZBG7,500000,CU INC.,3.964,2045-07-27 00:00:00,91.468,4.60018105682891,A(high),2024-06-25,2024-06-26
136375CG5,500000,CN RAILWAY COMPANY,3.95,2045-09-22 00:00:00,91.358,4.590890314493026,A,2024-06-25,2024-06-26
29250ZAU2,150000,ENBRIDGE PIPELINES INC.,4.55,2045-09-29 00:00:00,92.369,5.143918902282073,A,2024-06-25,2024-06-26
07813ZBR4,250000,BELL CANADA,4.35,2045-12-18 00:00:00,89.777,5.141630456713213,BBB(high),2024-06-25,2024-06-26
87971MBB8,250000,TELUS CORPORATION,4.4,2046-01-29 00:00:00,89.215,5.239791325192786,BBB,2024-06-25,2024-06-26
35085ZBL9,500000,407 INTERNATIONAL INC.,3.83,2046-05-11 00:00:00,89.927,4.56239651976535,A,2024-06-25,2024-06-26
89353ZBZ0,99000,TRANSCANADA PIPELINES LI,4.35,2046-06-06 00:00:00,90.225,5.094795603027896,BBB(high),2024-06-25,2024-06-26
29250ZAW8,150000,ENBRIDGE PIPELINES INC.,4.13,2046-08-09 00:00:00,86.852,5.130596278288132,A,2024-06-25,2024-06-26
86721ZAN9,250000,SUNCOR ENERGY INC.,4.34,2046-09-13 00:00:00,91.706,4.959753600900147,A(low),2024-06-25,2024-06-26
34957ZAV6,500000,FORTISALBERTA INC,3.34,2046-09-21 00:00:00,83.111,4.555679124939884,A(low),2024-06-25,2024-06-26
44810ZAR1,500000,HYDRO ONE INC.,5,2046-10-19 00:00:00,105.962,4.570533095334806,A(high),2024-06-25,2024-06-26
12657ZBJ1,500000,CU INC.,3.763,2046-11-19 00:00:00,88.595,4.582564080876227,A(high),2024-06-25,2024-06-26
02135ZAS5,500000,ALTALINK LP  (F),3.717,2046-12-03 00:00:00,88.952,4.50435323428797,A,2024-06-25,2024-06-26
70632ZAJ0,150000,PEMBINA PIPELINE INCOME,4.74,2047-01-21 00:00:00,93.073,5.26802703860023,BBB(high),2024-06-25,2024-06-26
449586AD8,250000,IGM FINANCIAL INC,4.56,2047-01-25 00:00:00,97.637,4.7311825763003,A(high),2024-06-25,2024-06-26
739239AD3,250000,POWER CORPORATION OF CAN,4.81,2047-01-31 00:00:00,102.665,4.61601917,A,2024-06-25,2024-06-26
07813ZBX1,250000,BELL CANADA,4.45,2047-02-27 00:00:00,90.726,5.147379228168973,BBB(high),2024-06-25,2024-06-26
34959ZAF9,500000,FORTISBC ENERGY INC  (F),3.78,2047-03-06 00:00:00,89.358,4.535417433233426,-,2024-06-25,2024-06-26
136375CM2,500000,CN RAILWAY COMPANY,3.6,2047-08-01 00:00:00,85.964,4.591950635746243,A,2024-06-25,2024-06-26
89353ZCB2,100000,TRANSCANADA PIPELINES LI,4.33,2047-09-16 00:00:00,89.721,5.089041789155017,BBB(high),2024-06-25,2024-06-26
34959ZAG7,500000,FORTISBC ENERGY INC  (F),3.69,2047-10-30 00:00:00,88.273,4.506968283018947,A,2024-06-25,2024-06-26
44810ZBU3,500000,HYDRO ONE INC.,3.72,2047-11-18 00:00:00,88.169,4.546450319674836,A(high),2024-06-25,2024-06-26
90664ZAY6,150000,UNION GAS LIMITED,3.59,2047-11-22 00:00:00,84.84,4.660584881150657,A,2024-06-25,2024-06-26
12657ZBK8,500000,CU INC.,3.548,2047-11-22 00:00:00,85.117,4.592078032419487,A(high),2024-06-25,2024-06-26
29290ZAS9,150000,ENBRIDGE GAS DISTRIBUTIO,3.51,2047-11-29 00:00:00,83.839,4.649604146283529,A,2024-06-25,2024-06-26
59162NAG4,233000,METRO INC,4.27,2047-12-04 00:00:00,91.976,4.846325967274007,BBB(high),2024-06-25,2024-06-26
449586AE6,250000,IGM FINANCIAL INC,4.115,2047-12-09 00:00:00,92.671,4.630431216646187,A(high),2024-06-25,2024-06-26
89119ZAK9,500000,TORONTO HYDRO CORPORATIO,3.485,2048-02-28 00:00:00,85.625,4.475553743261855,A,2024-06-25,2024-06-26
87971MBE2,250000,TELUS CORPORATION,4.7,2048-03-06 00:00:00,92.564,5.251635118327808,BBB,2024-06-25,2024-06-26
70632ZAL5,150000,PEMBINA PIPELINE INCOME,4.75,2048-03-26 00:00:00,92.845,5.281627474688446,BBB(high),2024-06-25,2024-06-26
62895ZAP5,500000,NAV CANADA,3.293,2048-03-30 00:00:00,84.994,4.307890076728212,AA(low),2024-06-25,2024-06-26
35085ZBS4,500000,407 INTERNATIONAL INC.,3.72,2048-05-11 00:00:00,87.885,4.557574065214907,A,2024-06-25,2024-06-26
68321ZAB7,250000,ONTARIO POWER GENERATION,3.838,2048-06-22 00:00:00,87.734,4.695611985744408,A(low),2024-06-25,2024-06-26
89353ZCC0,100000,TRANSCANADA PIPELINES LI,4.18,2048-07-03 00:00:00,87.358,5.098650753925331,BBB(high),2024-06-25,2024-06-26
449586AF3,250000,IGM FINANCIAL INC,4.174,2048-07-13 00:00:00,92.322,4.710807954870218,A(high),2024-06-25,2024-06-26
739239AE1,250000,POWER CORPORATION CANADA,4.455,2048-07-27 00:00:00,97.643,4.617937953858889,A,2024-06-25,2024-06-26
136375CQ3,480000,CN RAILWAY COMPANY,3.6,2048-07-31 00:00:00,85.716,4.585294546900833,A,2024-06-25,2024-06-26
136375CT7,500000,CN RAILWAY COMPANY,3.6,2049-02-08 00:00:00,85.399,4.596507571217679,A,2024-06-25,2024-06-26
29250ZAY4,150000,ENBRIDGE PIPELINES INC.,4.33,2049-02-22 00:00:00,88.847,5.131969935460324,A,2024-06-25,2024-06-26
35085ZBU9,500000,407 INTERNATIONAL INC.,3.67,2049-03-08 00:00:00,86.897,4.55916238906628,A,2024-06-25,2024-06-26
70632ZAN1,150000,PEMBINA PIPELINE INCOME,4.54,2049-04-03 00:00:00,89.817,5.281172776981268,BBB(high),2024-06-25,2024-06-26
66988ZBE8,500000,NOVA SCOTIA POWER INC.,3.571,2049-04-05 00:00:00,80.378,4.954339512818831,BBB(high),2024-06-25,2024-06-26
44810ZBX7,500000,HYDRO ONE INC.,3.63,2049-06-25 00:00:00,86.483,4.539890181122421,A(high),2024-06-25,2024-06-26
29410ZAP0,500000,EPCOR UTILITIES INC.,3.106,2049-07-08 00:00:00,78.799,4.530618494454488,A(low),2024-06-25,2024-06-26
29260ZAB2,150000,ENBRIDGE GAS INC,3.01,2049-08-09 00:00:00,76.143,4.625560448281644,A,2024-06-25,2024-06-26
89353ZCD8,100000,TRANSCANADA PIPELINES LI,4.34,2049-10-15 00:00:00,89.322,5.095140868845539,BBB(high),2024-06-25,2024-06-26
11282ZAP3,500000,BROOKFIELD RENEWABLE POW,4.29,2049-11-05 00:00:00,88.487,5.104157535182773,BBB(high),2024-06-25,2024-06-26
89119ZAM5,500000,TORONTO HYDRO CORPORATIO,2.99,2049-12-10 00:00:00,77.739,4.461813226121324,A,2024-06-25,2024-06-26
136375CX8,492000,CANADIAN NATIONAL RAILWA,3.05,2050-02-08 00:00:00,77.072,4.579231089201437,A,2024-06-25,2024-06-26
87971MBP7,250000,TELUS CORPORATION,3.95,2050-02-16 00:00:00,82.22,5.214822700850158,BBB,2024-06-25,2024-06-26
449586AH9,250000,IGM FINANCIAL INC,4.206,2050-03-21 00:00:00,92.166,4.73542140696293,A(high),2024-06-25,2024-06-26
44810ZCA6,500000,HYDRO ONE INC.,3.64,2050-04-05 00:00:00,86.375,4.542077968343836,A(high),2024-06-25,2024-06-26
39138CAJ5,500000,GREAT-WEST LIFECO INC.,2.981,2050-07-08 00:00:00,75.72,4.588472004122901,A(high),2024-06-25,2024-06-26
68321ZAE1,250000,ONTARIO POWER GENERATION,3.651,2050-09-13 00:00:00,84.303,4.698216256166786,A(low),2024-06-25,2024-06-26
29290ZAK6,150000,ENBRIDGE GAS DISTRIBUTIO,4.95,2050-11-22 00:00:00,104.368,4.660437641766291,A,2024-06-25,2024-06-26
45823TAC0,250000,INTACT FINANCIAL CORP,2.954,2050-12-16 00:00:00,75.948,4.521302136547652,A(high),2024-06-25,2024-06-26
86721ZAR0,250000,SUNCOR ENERGY INC.,3.95,2051-03-04 00:00:00,84.935,4.975497715780267,A(low),2024-06-25,2024-06-26
44810ZBE9,500000,HYDRO ONE INC.,4,2051-12-22 00:00:00,91.676,4.532639807009445,A(high),2024-06-25,2024-06-26
86679QAB7,250000,SUN LIFE CAPITAL TRUST  (F),7.093,2052-06-30 00:00:00,113.825,4.978994,A(high),2024-06-25,2024-06-26
35085ZBG0,500000,407 INTERNATIONAL INC.,3.98,2052-09-11 00:00:00,90.94,4.553260837161063,A,2024-06-25,2024-06-26
45823TAE6,250000,INTACT FINANCIAL CORP,3.765,2053-05-20 00:00:00,87.571,4.541346799549867,A(high),2024-06-25,2024-06-26
449586AK2,250000,IGM FINANCIAL INC  (F),5.426,2053-05-26 00:00:00,110.33,4.75889155,A(high),2024-06-25,2024-06-26
37482ZAE1,100000,GIBSON ENERGY INC  (F),6.2,2053-07-12 00:00:00,113.814,5.25960439,BBB(low),2024-06-25,2024-06-26
80928BAC0,500000,SCOTIABANK CAPITAL TRUST  (F),5.65,2056-12-31 00:00:00,109.139,4.676749253103955,A(low),2024-06-25,2024-06-26
493271AC4,250000,KEYERA CORP  (F),6.875,2079-06-13 00:00:00,103.5,6.047549435577521,BB(high),2024-06-25,2024-06-26
374825AJ6,250000,GIBSON ENERGY INC,5.25,2080-12-22 00:00:00,95.625,6.104751629130035,BB,2024-06-25,2024-06-26
493271AD2,250000,KEYERA CORP,5.95,2081-03-10 00:00:00,98,6.331456826486642,BB(high),2024-06-25,2024-06-26
021361AA8,250000,ALTAGAS SERVICES INC.,5.25,2082-01-11 00:00:00,92.25,6.607157172043012,-,2024-06-25,2024-06-26
021361AB6,250000,ALTAGAS SERVICES INC.,7.35,2082-08-17 00:00:00,104.875,5.632178416840115,-,2024-06-25,2024-06-26
