CUSIP,INVENTORY,ISSUER,MATURITY,PRICE,YIELD,quote_date,settle_date
46152ZCH2,8000,INVESTORS GRP CPN STRIP,2026-11-09 00:00:00,99.933542,0.7162361415566698,2026-10-05,2026-10-06
74815ZH54,11000,Q GENERIC STRIP,2026-12-01 00:00:00,99.84751,0.9996298627929612,2026-10-05,2026-10-06
68323ZK73,16000,ONTARIO PROV GEN STRIP,2026-12-02 00:00:00,99.832542,1.078997255109582,2026-10-05,2026-10-06
64285ZZN7,11000,NEW BRUN GENERIC CPN STP,2026-12-03 00:00:00,99.789472,1.335105044708618,2026-10-05,2026-10-06
11066ZSX9,8000,BRCOL GENERIC STRIP,2026-12-04 00:00:00,99.792853,1.291095344844595,2026-10-05,2026-10-06
11066ZNG1,9000,BRCOL GENERIC STRIP,2026-12-18 00:00:00,99.709154,1.467005323633619,2026-10-05,2026-10-06
56346ZLN5,11000,MP GENERIC STRIP,2027-03-05 00:00:00,99.051078,2.347191795704306,2026-10-05,2026-10-06
11258ZFW3,7000,BROOKFIELD COUPON STRIP,2027-03-16 00:00:00,98.773801,2.836561731225751,2026-10-05,2026-10-06
077906WC5,14000,BCE COUPON STRIP,2027-04-02 00:00:00,98.575559,2.985608857979605,2026-10-05,2026-10-06
97502ZCY5,23000,WINNIPEG COUPON STRIP,2027-05-15 00:00:00,98.328234,2.823527981701845,2026-10-05,2026-10-06
89128ZCR1,12000,TORONTO COUPON STRIP,2027-06-01 00:00:00,98.296174,2.67056431269832,2026-10-05,2026-10-06
68323ZK81,53000,ONTARIO PROV GEN STRIP,2027-06-02 00:00:00,98.227507,2.76886267772658,2026-10-05,2026-10-06
68323ZYW3,11000,ONTARIO PROV GEN STRIP,2027-07-13 00:00:00,97.864636,2.853709311060504,2026-10-05,2026-10-06
74167ZR24,7000,PRINCE EDW ISL GEN STRIP,2027-07-17 00:00:00,97.873739,2.800666658315887,2026-10-05,2026-10-06
56346ZLP0,22000,MP GENERIC STRIP,2027-09-05 00:00:00,97.43052,2.885516970122071,2026-10-05,2026-10-06
74812ZZM0,6000,Q GENERIC STRIP,2027-10-01 00:00:00,97.258624,2.85834780381935,2026-10-05,2026-10-06
13509Z3H2,16000,CANADA GENERIC STRIP,2027-12-01 00:00:00,97.352922,2.353154231567101,2026-10-05,2026-10-06
68323Z4W6,291000,ONTARIO PROV GEN STRIP,2027-12-02 00:00:00,96.865506,2.792801107607268,2026-10-05,2026-10-06
66983ZQU1,11000,NOVA SCOTIA CPN STRIP,2027-12-02 00:00:00,96.887641,2.772488720715249,2026-10-05,2026-10-06
64285ZZQ0,9000,NEW BRUN GENERIC CPN STP,2027-12-03 00:00:00,96.830539,2.818135047251635,2026-10-05,2026-10-06
11066ZNJ5,67000,BRCOL GENERIC STRIP,2027-12-18 00:00:00,96.854591,2.699065170833559,2026-10-05,2026-10-06
65130ZLA4,8000,NFLAB COUPON STRIP,2028-01-14 00:00:00,96.237647,3.056000211422161,2026-10-05,2026-10-06
68323ZM22,19000,ONTARIO PROV GEN STRIP,2028-03-08 00:00:00,95.571593,3.236733838525563,2026-10-05,2026-10-06
74815Z4N9,15000,Q GENERIC STRIP,2028-03-21 00:00:00,95.44587,3.249611863447432,2026-10-05,2026-10-06
74812ZZN8,10000,Q GENERIC STRIP,2028-04-01 00:00:00,95.620317,3.056171566154053,2026-10-05,2026-10-06
683078FL8,14000,ONTARIO ELECTRICITY FIN,2028-04-11 00:00:00,95.310077,3.22125450883417,2026-10-05,2026-10-06
74815ZH88,6000,Q GENERIC STRIP,2028-06-01 00:00:00,95.010042,3.141629433288484,2026-10-05,2026-10-06
01305ZQR6,12000,ALBERTA CPN STRIP,2028-06-01 00:00:00,94.932777,3.192350295270474,2026-10-05,2026-10-06
89128ZCT7,9000,TORONTO COUPON STRIP,2028-06-01 00:00:00,95.657256,2.719347302143849,2026-10-05,2026-10-06
68323Z4X4,30000,ONTARIO PROV GEN STRIP,2028-06-02 00:00:00,94.871277,3.227340800151146,2026-10-05,2026-10-06
68323ZYY9,99000,ONTARIO PROV GEN STRIP,2028-07-13 00:00:00,94.285506,3.380590068749534,2026-10-05,2026-10-06
74167ZR40,6000,PRINCE EDW ISL GEN STRIP,2028-07-17 00:00:00,94.217445,3.401361495062072,2026-10-05,2026-10-06
44882ZVR1,25000,QHEL GENERIC STRIP,2028-08-15 00:00:00,94.017221,3.371899538001633,2026-10-05,2026-10-06
44882ZRR6,34000,QHEL INT STRIP,2028-08-26 00:00:00,93.77776,3.456735971698865,2026-10-05,2026-10-06
077906L37,31000,BCE COUPON STRIP,2028-08-26 00:00:00,92.873579,3.988322027381064,2026-10-05,2026-10-06
64285ZXF6,130000,NEW BRUN GENERIC CPN STP,2028-09-26 00:00:00,93.607192,3.400933573832954,2026-10-05,2026-10-06
077906WF8,27000,BCE COUPON STRIP,2028-10-02 00:00:00,92.448443,4.020888219488006,2026-10-05,2026-10-06
07814ZFQ1,47000,BCE COUPON STRIP,2028-11-15 00:00:00,92.477822,3.771521009956058,2026-10-05,2026-10-06
64285ZZS6,8000,NEW BRUN GENERIC CPN STP,2028-12-03 00:00:00,93.168868,3.327436319450894,2026-10-05,2026-10-06
35086ZCD5,58000,407 INTER INC CPN STRIP,2029-01-27 00:00:00,92.385457,3.484478499959942,2026-10-05,2026-10-06
44882ZVS9,6000,QHEL GENERIC STRIP,2029-02-15 00:00:00,92.432569,3.384176935424876,2026-10-05,2026-10-06
66980ZLC9,37000,NS POWER FINAN CPN STRIP,2029-02-26 00:00:00,92.447399,3.333957264001719,2026-10-05,2026-10-06
077906L45,17000,BCE COUPON STRIP,2029-02-26 00:00:00,91.308448,3.870307636994696,2026-10-05,2026-10-06
56346ZLS4,36000,MP GENERIC STRIP,2029-03-05 00:00:00,92.287298,3.381246744774646,2026-10-05,2026-10-06
68323ZM48,29000,ONTARIO PROV GEN STRIP,2029-03-08 00:00:00,92.008575,3.49875979287102,2026-10-05,2026-10-06
64285ZXG4,32000,NEW BRUN GENERIC CPN STP,2029-03-26 00:00:00,91.986586,3.437760697886016,2026-10-05,2026-10-06
077906WG6,21000,BCE COUPON STRIP,2029-04-02 00:00:00,90.890415,3.909834708136617,2026-10-05,2026-10-06
68309ZG50,23000,ONTARIO HYDRO GEN STRIP,2029-04-17 00:00:00,91.605078,3.524371474383559,2026-10-05,2026-10-06
65134ZSR6,12000,NF GENERIC STRIP,2029-04-17 00:00:00,91.627736,3.514258227697931,2026-10-05,2026-10-06
77510ZCR2,7000,ROGERS COMM COUPON STRIP,2029-05-09 00:00:00,90.550242,3.904294855758517,2026-10-05,2026-10-06
11066ZNM8,13000,BRCOL GENERIC STRIP,2029-06-18 00:00:00,91.208738,3.46508295697312,2026-10-05,2026-10-06
68323ZZA0,16000,ONTARIO PROV GEN STRIP,2029-07-13 00:00:00,90.71586,3.580396861385826,2026-10-05,2026-10-06
44882ZRT2,10000,QHEL INT STRIP,2029-08-26 00:00:00,90.250692,3.61266545629173,2026-10-05,2026-10-06
66980ZLD7,9000,NS POWER FINAN CPN STRIP,2029-08-26 00:00:00,90.461684,3.528992306290668,2026-10-05,2026-10-06
077906DB8,310000,BCE COUPON STRIP,2029-11-15 00:00:00,88.837733,3.87613412974861,2026-10-05,2026-10-06
61484ZMH9,347000,MONTREAL QUE CPN STRIP,2029-12-01 00:00:00,89.782674,3.473821779187292,2026-10-05,2026-10-06
68323Z5A3,12000,ONTARIO PROV GEN STRIP,2029-12-02 00:00:00,89.55086,3.555473597938019,2026-10-05,2026-10-06
11066ZUK4,9000,BC GENERIC INT STRIP,2029-12-18 00:00:00,89.338365,3.58277372782958,2026-10-05,2026-10-06
68323ZZB8,12000,ONTARIO PROV GEN STRIP,2030-01-13 00:00:00,88.741433,3.715633938769791,2026-10-05,2026-10-06
44882ZVU4,20000,QHEL GENERIC STRIP,2030-02-15 00:00:00,88.532783,3.68652288193001,2026-10-05,2026-10-06
66980ZLE5,15000,NS POWER FINAN CPN STRIP,2030-02-26 00:00:00,88.636298,3.617526907917323,2026-10-05,2026-10-06
56346ZLU9,21000,MP GENERIC STRIP,2030-03-05 00:00:00,88.419955,3.671031385450108,2026-10-05,2026-10-06
683078FN4,10000,ONTARIO ELECTRICITY FIN,2030-04-11 00:00:00,87.911631,3.733308166243821,2026-10-05,2026-10-06
66983ZMH4,16000,NOVA SCOTIA CPN STRIP,2030-06-01 00:00:00,87.597184,3.689661107908115,2026-10-05,2026-10-06
64285ZZV9,17000,NEW BRUN GENERIC CPN STP,2030-06-03 00:00:00,87.308148,3.777701358023999,2026-10-05,2026-10-06
68323ZZC6,52000,ONTARIO PROV GEN STRIP,2030-07-13 00:00:00,86.751494,3.841930485511913,2026-10-05,2026-10-06
44882ZVV2,80000,QHEL GENERIC STRIP,2030-08-15 00:00:00,86.61357,3.79305575498623,2026-10-05,2026-10-06
66980ZLF2,23000,NS POWER FINAN CPN STRIP,2030-08-26 00:00:00,86.827982,3.697204093194384,2026-10-05,2026-10-06
74815Z4T6,198000,QUEBEC PROVINCE STRIP,2030-09-21 00:00:00,85.996774,3.881459817935884,2026-10-05,2026-10-06
74815ZJ52,201000,Q GENERIC STRIP,2030-12-01 00:00:00,86.196737,3.638549016089931,2026-10-05,2026-10-06
01305ZQW5,303000,ALBERTA CPN STRIP,2030-12-01 00:00:00,85.953531,3.709030186444662,2026-10-05,2026-10-06
44882ZUA9,31000,QHEL GENERIC STRIP,2031-01-16 00:00:00,85.379295,3.760226490365404,2026-10-05,2026-10-06
44882ZVW0,41000,QHEL GENERIC STRIP,2031-02-15 00:00:00,85.074849,3.773024314733697,2026-10-05,2026-10-06
74167ZC61,6000,PRINCE EDW ISL GEN STRIP,2031-02-21 00:00:00,84.764391,3.845229196031275,2026-10-05,2026-10-06
66980ZLG0,85000,NS POWER FINAN CPN STRIP,2031-02-26 00:00:00,85.264413,3.694138695789229,2026-10-05,2026-10-06
56346ZLW5,41000,MANITOBA PROV CPN STRIP,2031-03-05 00:00:00,84.921415,3.772523980058717,2026-10-05,2026-10-06
74815Z4U3,20000,QUEBEC PROVINCE STRIP,2031-03-21 00:00:00,84.441303,3.866767187691478,2026-10-05,2026-10-06
74812ZZU2,438000,Q GENERIC STRIP,2031-04-01 00:00:00,85.075075,3.667430816034023,2026-10-05,2026-10-06
683078FP9,89000,ONTARIO ELECTRICITY FIN,2031-04-11 00:00:00,84.45532,3.812749166159612,2026-10-05,2026-10-06
65134ZSX3,18000,NF GENERIC STRIP,2031-04-17 00:00:00,84.14494,3.883029401753468,2026-10-05,2026-10-06
45824ZCG4,9000,INTACT FINL CPN STRIP,2031-05-23 00:00:00,84.02854,3.829800285473151,2026-10-05,2026-10-06
74815ZJ60,42000,Q GENERIC STRIP,2031-06-01 00:00:00,84.4599,3.695002145570125,2026-10-05,2026-10-06
68323Z5D7,20000,ONTARIO PROV GEN STRIP,2031-06-02 00:00:00,84.051066,3.800874716241021,2026-10-05,2026-10-06
64285ZZX5,8000,NEW BRUN GENERIC CPN STP,2031-06-03 00:00:00,83.776854,3.871407288371231,2026-10-05,2026-10-06
39192ZHQ4,468000,GTAA PRIN STRIP,2031-06-04 00:00:00,83.949318,3.823290678989211,2026-10-05,2026-10-06
68323ZJ75,64000,ONTARIO PROV GEN STRIP,2031-07-13 00:00:00,83.237348,3.92146305710861,2026-10-05,2026-10-06
44882ZVX8,50000,QHEL GENERIC STRIP,2031-08-15 00:00:00,83.190713,3.859105487235626,2026-10-05,2026-10-06
45824ZCH2,10000,INTACT FINL CPN STRIP,2031-11-23 00:00:00,82.295467,3.868121976261296,2026-10-05,2026-10-06
89128ZDA7,19000,TORONTO COUPON STRIP,2031-12-01 00:00:00,82.403563,3.824931769308804,2026-10-05,2026-10-06
74815ZJ78,35000,Q GENERIC STRIP,2031-12-01 00:00:00,82.572236,3.783765239158954,2026-10-05,2026-10-06
66983ZML5,10000,NOVA SCOTIA CPN STRIP,2031-12-01 00:00:00,82.095153,3.900463470782101,2026-10-05,2026-10-06
66983ZRC0,11000,NOVA SCOTIA CPN STRIP,2031-12-02 00:00:00,82.086162,3.900558021041345,2026-10-05,2026-10-06
68323ZJ83,8000,ONTARIO PROV GEN STRIP,2032-01-13 00:00:00,81.404317,3.978171117706664,2026-10-05,2026-10-06
44882ZUC5,81000,QHEL GENERIC STRIP,2032-01-16 00:00:00,81.294022,3.998550395214884,2026-10-05,2026-10-06
68327ZAF2,11000,ONTARIO PROV GEN STRIP,2032-03-08 00:00:00,80.810078,4.005935031498353,2026-10-05,2026-10-06
74815Z4W9,32000,QUEBEC PROVINCE STRIP,2032-03-21 00:00:00,80.571769,4.035547512416038,2026-10-05,2026-10-06
66983ZMS0,7000,NOVA SCOTIA CPN STRIP,2032-06-01 00:00:00,80.171447,3.983645013505388,2026-10-05,2026-10-06
74815ZJ86,16000,Q GENERIC STRIP,2032-06-01 00:00:00,80.672065,3.869295780991022,2026-10-05,2026-10-06
01305ZQZ8,734000,ALBERTA CPN STRIP,2032-06-01 00:00:00,80.407169,3.929697941430832,2026-10-05,2026-10-06
68323Z5F2,150000,ONTARIO PROV GEN STRIP,2032-06-02 00:00:00,80.354265,3.939844246651258,2026-10-05,2026-10-06
44882ZWA7,87000,QHEL GENERIC STRIP,2032-08-15 00:00:00,79.280222,4.039562504349981,2026-10-05,2026-10-06
56346ZVS3,28000,MP GENERIC STRIP,2032-09-05 00:00:00,79.252299,4.005720532911594,2026-10-05,2026-10-06
68327ZAG0,11000,ONTARIO PROV GEN STRIP,2032-09-08 00:00:00,78.889799,4.080508135229244,2026-10-05,2026-10-06
74812ZZX6,43000,QUEBC PROV GENERIC STRIP,2032-10-01 00:00:00,79.378369,3.92959508795343,2026-10-05,2026-10-06
13508ZS94,6000,CANADA GENERIC STRIP,2032-12-01 00:00:00,80.200894,3.647323327331997,2026-10-05,2026-10-06
74815ZV58,38000,Q GEN STRIP,2032-12-01 00:00:00,78.74609,3.955851303870239,2026-10-05,2026-10-06
68323Z5G0,184000,ONTARIO PROV GEN STRIP,2032-12-02 00:00:00,78.456153,4.016309602497059,2026-10-05,2026-10-06
11066ZVP2,6000,BRCOL GENERIC STRIP,2032-12-18 00:00:00,78.236101,4.034457394837077,2026-10-05,2026-10-06
44882ZUE1,48000,QHEL GENERIC STRIP,2033-01-16 00:00:00,77.325686,4.176289270413669,2026-10-05,2026-10-06
44882ZWB5,96000,QHEL GENERIC STRIP,2033-02-15 00:00:00,77.339135,4.118438694434357,2026-10-05,2026-10-06
74815ZV66,88000,Q GEN STRIP,2033-06-01 00:00:00,76.841583,4.036107414681034,2026-10-05,2026-10-06
01305ZRB0,30000,ALBERTA CPN STRIP,2033-06-01 00:00:00,78.322188,3.73829663989631,2026-10-05,2026-10-06
66983ZRF3,17000,NOVA SCOTIA CPN STRIP,2033-06-02 00:00:00,76.344464,4.13584475422053,2026-10-05,2026-10-06
68323ZK32,10000,ONTARIO PROV GEN STRIP,2033-07-13 00:00:00,75.586046,4.219394610428218,2026-10-05,2026-10-06
44882ZUF8,390000,QHEL GENERIC STRIP,2033-07-16 00:00:00,75.371799,4.257807878536446,2026-10-05,2026-10-06
44882ZWC3,30000,QHEL GENERIC STRIP,2033-08-15 00:00:00,75.402314,4.199612855445589,2026-10-05,2026-10-06
56346ZVU8,8000,MP GENERIC STRIP,2033-09-05 00:00:00,75.37544,4.169347774733856,2026-10-05,2026-10-06
74815ZV74,12000,Q GEN STRIP,2033-12-01 00:00:00,74.925525,4.114803937369538,2026-10-05,2026-10-06
44882ZWD1,42000,QHEL GENERIC STRIP,2034-02-15 00:00:00,73.413198,4.284454857171016,2026-10-05,2026-10-06
13509Z4C2,37000,CAN 5 37-STRIP,2034-06-01 00:00:00,75.042916,3.820555547408389,2026-10-05,2026-10-06
01305ZRD6,15000,ALBERTA CPN STRIP,2034-06-01 00:00:00,72.761302,4.240015104652328,2026-10-05,2026-10-06
74812ZA21,69000,QUEBC PROV GENERIC STRIP,2034-10-01 00:00:00,71.692484,4.251995433030942,2026-10-05,2026-10-06
07814ZGC1,18000,BELL CANADA,2034-11-15 00:00:00,66.937512,5.070866080783065,2026-10-05,2026-10-06
74815ZV90,15000,Q GEN STRIP,2034-12-01 00:00:00,71.065668,4.275284304841187,2026-10-05,2026-10-06
01305ZRE4,12000,ALBERTA CPN STRIP,2034-12-01 00:00:00,70.888711,4.307153058816127,2026-10-05,2026-10-06
68323Z5L9,29000,ONTARIO PROV GEN STRIP,2034-12-02 00:00:00,70.828208,4.316589382811498,2026-10-05,2026-10-06
077906M85,17000,BCE COUPON STRIP,2035-02-26 00:00:00,65.90197,5.091296229128761,2026-10-05,2026-10-06
07790ZDB4,968000,BELL CANADA PRN STRIP,2035-03-16 00:00:00,65.938469,5.053944437660607,2026-10-05,2026-10-06
74815ZW24,32000,Q GEN STRIP,2035-06-01 00:00:00,69.259052,4.334026688687742,2026-10-05,2026-10-06
68323Z5M7,378000,ONTARIO PROV GEN STRIP,2035-06-02 00:00:00,68.97946,4.381369757513642,2026-10-05,2026-10-06
68323ZW39,21000,ONTARIO PROV GEN STRIP,2035-07-13 00:00:00,67.984623,4.496974244490559,2026-10-05,2026-10-06
44882ZWH2,24000,QHEL GENERIC STRIP,2035-08-15 00:00:00,67.734174,4.493598967147405,2026-10-05,2026-10-06
01305ZRG9,25000,ALBERTA CPN STRIP,2035-12-01 00:00:00,67.252655,4.426630333874226,2026-10-05,2026-10-06
74815ZW40,229000,Q GEN STRIP,2036-06-01 00:00:00,65.239874,4.520383961884944,2026-10-05,2026-10-06
89128ZDK5,7000,TORONTO COUPON STRIP,2036-06-01 00:00:00,64.997653,4.560637245776644,2026-10-05,2026-10-06
68323Z5P0,39000,ONTARIO PROV GEN STRIP,2036-06-02 00:00:00,65.353328,4.500281766899961,2026-10-05,2026-10-06
44882ZWK5,12000,QHEL GENERIC STRIP,2036-08-15 00:00:00,64.00273200000001,4.627021201185055,2026-10-05,2026-10-06
56346ZWA1,60000,MP GENERIC STRIP,2036-09-05 00:00:00,64.100802,4.583448632615306,2026-10-05,2026-10-06
74815ZB76,10000,QUEBC PROV GENERIC STRIP,2036-10-01 00:00:00,63.970777,4.571292131319038,2026-10-05,2026-10-06
74815ZW57,62000,Q GEN STRIP,2036-12-01 00:00:00,64.257892,4.448405955889179,2026-10-05,2026-10-06
66983ZNU4,12000,NOVA SCOTIA CPN STRIP,2036-12-01 00:00:00,64.19610399999999,4.45829478685742,2026-10-05,2026-10-06
68323Z5Q8,34000,ONTARIO PROV GEN STRIP,2036-12-02 00:00:00,64.541271,4.401973514014523,2026-10-05,2026-10-06
44882ZWL3,20000,QHEL GENERIC STRIP,2037-02-15 00:00:00,63.042466,4.549516874911363,2026-10-05,2026-10-06
68323Z5R6,315000,ONTARIO PROV GEN STRIP,2037-06-02 00:00:00,62.796093,4.460068510271031,2026-10-05,2026-10-06
68323ZW70,8000,ONTARIO PROV GEN STRIP,2037-07-13 00:00:00,61.779439,4.570844767887539,2026-10-05,2026-10-06
74815ZB92,9000,QUEBC PROV GENERIC STRIP,2037-10-01 00:00:00,61.379351,4.539472623954,2026-10-05,2026-10-06
13509Z5D9,9000,CAN 5 37-STRIP,2037-12-01 00:00:00,65.2843,3.894307806401742,2026-10-05,2026-10-06
68323Z5S4,18000,ONTARIO PROV GEN STRIP,2037-12-02 00:00:00,61.103482,4.511044975337941,2026-10-05,2026-10-06
01305ZRM6,8000,ALBERTA CPN STRIP,2038-06-01 00:00:00,59.624245,4.534589893412777,2026-10-05,2026-10-06
68323Z5T2,134000,ONTARIO PROV GEN STRIP,2038-06-02 00:00:00,59.432808,4.562328312288577,2026-10-05,2026-10-06
68323Z5U9,151000,ONTARIO PROV GEN STRIP,2038-12-02 00:00:00,57.751781,4.616706602770715,2026-10-05,2026-10-06
44882ZWQ2,19000,QHEL GENERIC STRIP,2039-02-15 00:00:00,56.509148,4.72228885281567,2026-10-05,2026-10-06
89128ZDR0,12000,TORONTO COUPON STRIP,2039-06-01 00:00:00,55.601669,4.745363181064,2026-10-05,2026-10-06
68323Z5V7,48000,ONTARIO PROV GEN STRIP,2039-06-02 00:00:00,56.261085,4.646835947635308,2026-10-05,2026-10-06
11066ZWC0,39000,BRCOL GENERIC STRIP,2039-06-18 00:00:00,55.758518,4.704350472480967,2026-10-05,2026-10-06
56346ZWG8,10000,MP GENERIC STRIP,2039-09-05 00:00:00,54.809278,4.762870691898269,2026-10-05,2026-10-06
74815ZC59,39000,QUEBC PROV GENERIC STRIP,2039-10-01 00:00:00,55.06452,4.698712043333897,2026-10-05,2026-10-06
68323Z8H5,174000,ONTARIO PROV GEN STRIP,2040-06-02 00:00:00,52.876657,4.773229216897423,2026-10-05,2026-10-06
11066ZWE6,501000,BRCOL GENERIC STRIP,2040-06-18 00:00:00,52.705726,4.782353799815309,2026-10-05,2026-10-06
80386ZW38,20000,SASKATCHEWAN CPN STRIP,2040-09-05 00:00:00,53.271322,4.626079787914605,2026-10-05,2026-10-06
11066ZWF3,50000,BRCOL GENERIC STRIP,2040-12-18 00:00:00,51.205453,4.822594073938613,2026-10-05,2026-10-06
44882ZXH1,19000,QHEL GENERIC STRIP,2041-02-15 00:00:00,50.508318,4.867053553170897,2026-10-05,2026-10-06
65134ZTT1,22000,NF GENERIC STRIP,2041-04-17 00:00:00,49.287958,4.986242136535846,2026-10-05,2026-10-06
11066ZWG1,21000,BRCOL GENERIC STRIP,2041-06-18 00:00:00,49.725075,4.864301970425244,2026-10-05,2026-10-06
61484ZNH8,150000,MONTREAL QUE CPN STRIP,2041-12-01 00:00:00,47.376311,5.04969291076045,2026-10-05,2026-10-06
68323Z8L6,8000,ONTARIO PROV GEN STRIP,2041-12-02 00:00:00,48.980878,4.818319730972442,2026-10-05,2026-10-06
13508ZW81,168000,CANADA GENERIC STRIP,2042-06-01 00:00:00,53.83084,4.033264848718399,2026-10-05,2026-10-06
68327ZBS3,11000,ONTARIO PROV GEN STRIP,2042-06-02 00:00:00,47.587847,4.85437553273389,2026-10-05,2026-10-06
66983ZSA3,20000,NOVA SCOTIA CPN STRIP,2042-12-02 00:00:00,45.667425,4.967456031564499,2026-10-05,2026-10-06
68327ZDM4,15000,ONTARIO PROV GEN STRIP,2042-12-02 00:00:00,46.221494,4.889185925547079,2026-10-05,2026-10-06
11066ZWK2,320000,BRCOL GENERIC STRIP,2042-12-18 00:00:00,45.755978,4.941155136737541,2026-10-05,2026-10-06
74815ZY63,19000,QUEBEC PROVINCE STRIP,2043-06-01 00:00:00,44.713397,4.949008037760305,2026-10-05,2026-10-06
11066ZWL0,370000,BRCOL GENERIC STRIP,2043-06-18 00:00:00,44.446627,4.972464892294814,2026-10-05,2026-10-06
11069Z2N6,22000,BRCOL GENERIC STRIP,2043-12-18 00:00:00,43.157545,5.00358376066723,2026-10-05,2026-10-06
44882ZXP3,19000,QHEL GENERIC STRIP,2044-02-15 00:00:00,42.305475,5.076433241149969,2026-10-05,2026-10-06
68323Z8R3,7000,ONTARIO PROV GEN STRIP,2044-12-02 00:00:00,41.224525,4.997840140149057,2026-10-05,2026-10-06
44882ZXR9,15000,QHEL GENERIC STRIP,2045-02-15 00:00:00,39.660321,5.161738534526927,2026-10-05,2026-10-06
56346ZK48,20000,MANITOBA PROV CPN STRIP,2045-03-05 00:00:00,40.064278,5.08975591631351,2026-10-05,2026-10-06
68323Z8S1,45000,ONTARIO PROV GEN STRIP,2045-06-02 00:00:00,40.09518,5.017297804174503,2026-10-05,2026-10-06
077906KH7,18000,BCE COUPON STRIP,2045-12-01 00:00:00,33.524574,5.867599470232809,2026-10-05,2026-10-06
65134ZXU3,27000,NF PROV GEN STRIP,2046-10-17 00:00:00,35.726708,5.269235763584867,2026-10-05,2026-10-06
077906EM3,19000,BCE COUPON STRIP,2046-11-15 00:00:00,31.807107,5.857442994135531,2026-10-05,2026-10-06
13508ZZ70,589000,CANADA GENERIC STRIP,2046-12-01 00:00:00,44.041874,4.149969656207508,2026-10-05,2026-10-06
077906KK0,30000,BCE COUPON STRIP,2046-12-01 00:00:00,31.727648,5.857474580950517,2026-10-05,2026-10-06
65134ZYT5,196000,NF PROV GEN STRIP,2047-10-17 00:00:00,33.796223,5.290240091654419,2026-10-05,2026-10-06
65134ZYU2,101000,NF PROV GEN STRIP,2048-04-17 00:00:00,32.918369,5.292548378503481,2026-10-05,2026-10-06
65134ZYV0,156000,NF PROV GEN STRIP,2048-10-17 00:00:00,32.009997,5.30270098183212,2026-10-05,2026-10-06
077906ES0,65000,BCE COUPON STRIP,2049-05-15 00:00:00,27.775642,5.826097719097945,2026-10-05,2026-10-06
077906EU5,270000,BCE COUPON STRIP,2050-05-15 00:00:00,26.297903,5.817331957805805,2026-10-05,2026-10-06
077906KV6,215000,BCE COUPON STRIP,2051-12-01 00:00:00,24.208151,5.797459144145267,2026-10-05,2026-10-06
077906KZ7,19000,BCE COUPON STRIP,2053-12-01 00:00:00,21.788187,5.768084235501192,2026-10-05,2026-10-06
