Financial Institution,Compound Frequency,Payment Frequency,Redeemable,Redeemable Term,Minimum Deposit,1_y,2_y,3_y,4_y,5_y,quote_date,settle_date
B2B Bank,A,E,no,-,5000,3.61,4.05,4.24,4.28,4.38,2026-10-05,2026-10-05
B2B Bank,N,A,no,-,5000,3.61,4.05,4.24,4.28,4.38,2026-10-05,2026-10-05
Community Trust,A,E,no,-,5000,3.73,4.05,4.23,4.27,3.27,2026-10-05,2026-10-05
Community Trust,N,A,no,-,5000,3.73,4.05,4.23,4.27,3.27,2026-10-05,2026-10-05
Effort Trust,A,E,no,-,5000,2.5,3.7,2.6,2.6,2.6,2026-10-05,2026-10-05
Effort Trust,N,A,no,-,5000,2.5,3.7,2.6,2.6,2.6,2026-10-05,2026-10-05
Equitable Bank,A,E,no,-,5000,3.51,4.04,4.22,4.22,4.32,2026-10-05,2026-10-05
Equitable Bank,N,A,no,-,5000,3.51,4.04,4.22,4.22,4.32,2026-10-05,2026-10-05
Equitable Bank,N,A,cashable,30,5000,1.5,,,,,2026-10-05,2026-10-05
FirstOntario CU,A,E,no,-,5000,3.74,4.06,4.18,4.26,4.37,2026-10-05,2026-10-05
FirstOntario CU,N,A,no,-,5000,3.74,4.06,4.18,4.26,4.37,2026-10-05,2026-10-05
General Bank of Canada,A,E,no,-,5000,3.63,4.03,4.17,4.17,4.17,2026-10-05,2026-10-05
General Bank of Canada,N,A,no,-,5000,3.63,4.03,4.17,4.17,4.17,2026-10-05,2026-10-05
Haventree Bank,A,E,no,-,5000,3.61,4.02,4.21,4.25,4.34,2026-10-05,2026-10-05
Haventree Bank,N,A,no,-,5000,3.61,4.02,4.21,4.25,4.34,2026-10-05,2026-10-05
Home Trust Company-Agent,A,E,no,-,5000,3.64,4.08,4.27,4.3,4.4,2026-10-05,2026-10-05
Home Trust Company-Agent,N,A,no,-,5000,3.64,4.08,4.27,4.3,4.4,2026-10-05,2026-10-05
Home Trust Company-Agent,N,A,cashable,30,5000,2.15,,,,,2026-10-05,2026-10-05
Home Trust Company-Agent,N,A,cashable,90,5000,2.25,,,,,2026-10-05,2026-10-05
ICICI Bank Canada,A,E,no,-,5000,3.5,3.81,3.96,4.05,4.07,2026-10-05,2026-10-05
ICICI Bank Canada,N,A,no,-,5000,3.5,3.81,3.96,4.05,4.07,2026-10-05,2026-10-05
League Savings & Mort,A,E,no,-,5000,3.0,3.0,3.0,3.0,3.0,2026-10-05,2026-10-05
League Savings & Mort,N,A,no,-,5000,3.0,3.0,3.0,3.0,3.0,2026-10-05,2026-10-05
MCAN Mortgage Corp.,A,E,no,-,5000,3.4,3.8,4.0,4.05,4.1,2026-10-05,2026-10-05
MCAN Mortgage Corp.,N,A,no,-,5000,3.4,3.8,4.0,4.05,4.1,2026-10-05,2026-10-05
Manulife Bank Agt.,A,E,no,-,5000,3.35,3.75,3.9,4.05,4.17,2026-10-05,2026-10-05
Manulife Bank Agt.,N,A,no,-,5000,3.35,3.75,3.9,4.05,4.17,2026-10-05,2026-10-05
Manulife Trust Co. Agt.,A,E,no,-,5000,3.35,3.75,3.9,4.05,4.17,2026-10-05,2026-10-05
Manulife Trust Co. Agt.,N,A,no,-,5000,3.35,3.75,3.9,4.05,4.17,2026-10-05,2026-10-05
NatCan Trust Agent Ser.,A,E,no,-,5000,3.0,3.2,3.3,3.35,3.55,2026-10-05,2026-10-05
NatCan Trust Agent Ser.,N,A,no,-,5000,3.0,3.2,3.3,3.35,3.55,2026-10-05,2026-10-05
NatCan Trust Agent Ser.,N,A,cashable,30,5000,1.6,,,,,2026-10-05,2026-10-05
National Bank Agent Ser,A,E,no,-,5000,3.0,3.2,3.3,3.35,3.55,2026-10-05,2026-10-05
National Bank Agent Ser,N,A,no,-,5000,3.0,3.2,3.3,3.35,3.55,2026-10-05,2026-10-05
National Bank Agent Ser,N,A,cashable,30,5000,1.6,,,,,2026-10-05,2026-10-05
Questbank,A,E,no,-,5000,3.75,4.07,4.25,4.29,3.29,2026-10-05,2026-10-05
Questbank,N,A,no,-,5000,3.75,4.07,4.25,4.29,3.29,2026-10-05,2026-10-05
RFA Bank of Canada,A,E,no,-,5000,,4.07,4.21,3.5,3.5,2026-10-05,2026-10-05
RFA Bank of Canada,N,A,no,-,5000,3.66,4.07,4.21,3.5,3.5,2026-10-05,2026-10-05
RFA Bank of Canada,N,A,cashable,90,5000,2.26,,,,,2026-10-05,2026-10-05
