CUSIP,INVENTORY,ISSUER,COUPON,MATURITY,PRICE,YIELD,DBRS RATING,quote_date,settle_date
220874AL5,24000,CORUS ENTERTAINMENT,5,2028-05-11 00:00:00,32,95.39380240663607,C,2026-09-28,2026-09-29
11283YAK6,31000,BROOKFIELD RESIDENTIAL,5.125,2029-06-15 00:00:00,98.500001,5.72679879010376,B+,2026-09-28,2026-09-29
04682RAG2,27000,ATHABASCA OIL CORP,6.75,2029-08-09 00:00:00,104.3,5.112322719991425,BB-,2026-09-28,2026-09-29
25703LAC4,250000,DOMAN BUILDING MATERIALS,7.5,2029-09-17 00:00:00,104.55,5.807148360172287,N.A.,2026-09-28,2026-09-29
29163VAK9,45000,EMPIRE COMMUNITIES CORP,7.625,2029-11-01 00:00:00,101.075001,7.226885925041038,B-,2026-09-28,2026-09-29
90207MAB9,250000,HEAVY METAL EQUIP & RNTL,7.25,2030-02-26 00:00:00,103.000001,6.256027725918734,N.A.,2026-09-28,2026-09-29
890523AA1,500000,TOP ACES INC,9,2030-03-13 00:00:00,108.125,6.343004655152318,N.A.,2026-09-28,2026-09-29
656811AD8,250000,NORTH AMER CONSTRUCTION,7.75,2030-05-01 00:00:00,105.250001,6.096803238636261,BB-,2026-09-28,2026-09-29
380355AK3,250000,GOEASY LTD,6,2030-05-15 00:00:00,91.125,8.912776595344084,B-,2026-09-28,2026-09-29
83425RAA1,250000,SOLLIO COOPERATIVE GROUP,6,2030-07-03 00:00:00,100.550002,5.831793630983007,N.A.,2026-09-28,2026-09-29
87505YAE2,250000,TAMARACK VALLEY ENERGY L,6.875,2030-07-25 00:00:00,105.875,5.158193185923854,B+,2026-09-28,2026-09-29
103310AD0,250000,BOYD GROUP SERVICES INC,5.5,2030-11-06 00:00:00,101.125001,5.190482018095088,N.A.,2026-09-28,2026-09-29
674482AD6,250000,OBSIDIAN ENERGY LTD,8.125,2030-12-03 00:00:00,105.000001,6.727887956756962,B+,2026-09-28,2026-09-29
55293NAA7,250000,MDA SPACE LTD,7,2030-12-23 00:00:00,105.625,5.489320570886735,B,2026-09-28,2026-09-29
04302LAA8,250000,ARTEMIS GOLD INC,5.625,2031-02-15 00:00:00,101.625001,5.203412323976475,B+,2026-09-28,2026-09-29
890523AD5,250000,TOP ACES INC,7,2031-02-18 00:00:00,103.125001,6.173338346515567,N.A.,2026-09-28,2026-09-29
57722YAB8,250000,MATTR CORP,7.25,2031-04-02 00:00:00,105.000001,5.968423557930369,B+,2026-09-28,2026-09-29
056533AA0,250000,BADGER INFRSTRCTR SOLUTN,5.375,2031-05-14 00:00:00,101.425,5.024336549962505,N.A.,2026-09-28,2026-09-29
656811AJ5,250000,NORTH AMER CONSTRUCTION,7,2031-06-16 00:00:00,103.500001,6.130500663094707,BB-,2026-09-28,2026-09-29
11287PAC9,250000,BROOKFIELD PPTY FIN ULC,5.55,2031-06-19 00:00:00,100.375002,5.456588517103511,B,2026-09-28,2026-09-29
94947LAD4,250000,WELL HEALTH TECHNOLOGIES,6.875,2031-07-15 00:00:00,103.125001,6.110055771692102,N.A.,2026-09-28,2026-09-29
83125KAA9,250000,SLEEP COUNTRY CANADA HOL,6.375,2031-07-29 00:00:00,101.500002,6.010131690775489,BB-,2026-09-28,2026-09-29
80412LAD9,250000,SATURN OIL & GAS INC,7.5,2031-07-30 00:00:00,104.075002,6.500912288977134,B+,2026-09-28,2026-09-29
04302YAB8,250000,ARTERRA WINES CANADA INC,7.5,2031-08-10 00:00:00,102.750002,6.823092781801177,B-,2026-09-28,2026-09-29
50107BAC6,250000,KRUGER PRODUCTS LP,6.625,2031-11-01 00:00:00,103.625001,5.790873460516388,N.A.,2026-09-28,2026-09-29
89346DAJ6,250000,TRANSALTA CORP,5.625,2032-03-24 00:00:00,102.375001,5.122730173963874,BB+,2026-09-28,2026-09-29
00217YAA2,250000,ATS CORP,6.5,2032-08-21 00:00:00,102.625001,5.963623785204253,BB,2026-09-28,2026-09-29
16387TAD7,250000,CHEMTRADE LOGISTICS,5.75,2032-10-01 00:00:00,101.375001,5.47814081625535,N.A.,2026-09-28,2026-09-29
83425RAB9,250000,SOLLIO COOPERATIVE GROUP,5.875,2032-11-03 00:00:00,99.500003,5.972750826844142,N.A.,2026-09-28,2026-09-29
83125JAA2,250000,SLEEP COUNTRY CANADA INC,6.625,2032-11-28 00:00:00,102.625001,6.105372235684725,BB-,2026-09-28,2026-09-29
50107BAD4,250000,KRUGER PRODUCTS LP,6.25,2032-12-10 00:00:00,102.250002,5.810351468842812,N.A.,2026-09-28,2026-09-29
487521AA4,250000,KEG RESTAURANTS LTD,6.625,2032-12-12 00:00:00,103.500002,5.93984059146504,N.A.,2026-09-28,2026-09-29
57701RAP7,250000,MATTAMY GROUP CORP,5.5,2032-12-15 00:00:00,100.250002,5.450276170898749,BB+,2026-09-28,2026-09-29
75622PAB0,250000,RECIPE UNLTD CORP,5.7,2033-01-29 00:00:00,100.375004,5.627099771078403,N.A.,2026-09-28,2026-09-29
15713JAH7,250000,CES ENERGY SOLUTIONS,5.625,2033-06-15 00:00:00,100.875004,5.465813844216538,B+,2026-09-28,2026-09-29
977734AC6,250000,WOLF MIDSTREAM CANADA LP,5.95,2033-07-18 00:00:00,102.500002,5.502679952151301,N.A.,2026-09-28,2026-09-29
62910LAC6,250000,NFI GROUP INC,6.625,2033-07-21 00:00:00,103.375002,6.011638171648159,B,2026-09-28,2026-09-29
55293NAD1,250000,MDA SPACE LTD,6.5,2033-08-05 00:00:00,102.750003,6.002671057397957,B,2026-09-28,2026-09-29
103310AB4,250000,BOYD GROUP SERVICES INC,5.75,2033-09-04 00:00:00,100.996549,5.573865532018796,N.A.,2026-09-28,2026-09-29
48020RAF2,65000,JONES DESLAURIERS INSURA,7.25,2033-10-01 00:00:00,98.125002,7.59999136701579,CCC,2026-09-28,2026-09-29
14042MAC6,250000,CAPITAL POWER CORP,8.125,2054-06-05 00:00:00,115.750005,6.84731718707321,BB,2026-09-28,2026-09-29
45833VAK5,500000,INTER PIPELINE LTD,6.75,2054-12-12 00:00:00,105.739183,6.310876887918648,N.A.,2026-09-28,2026-09-29
493271AF7,250000,KEYERA CORP,6,2055-10-15 00:00:00,102.750004,5.802774603217009,BB+,2026-09-28,2026-09-29
021361AE0,250000,ALTAGAS LTD,5.375,2055-12-05 00:00:00,101.325001,5.284879008861432,BB,2026-09-28,2026-09-29
112900AH8,500000,BROOKFIELD OFFICE PROP,7.625,2056-03-18 00:00:00,103.13,7.363156434443652,BB-,2026-09-28,2026-09-29
45833VAA7,470000,INTER PIPELINE LTD,6.875,2079-03-26 00:00:00,106.400404,6.447000831411409,N.A.,2026-09-28,2026-09-29
45833VAB5,500000,INTER PIPELINE LTD,6.625,2079-11-19 00:00:00,106.30956,6.216345079307151,N.A.,2026-09-28,2026-09-29
374825AJ6,250000,GIBSON ENERGY INC,5.25,2080-12-22 00:00:00,102.375002,5.119578293043792,BB,2026-09-28,2026-09-29
493271AL4,250000,KEYERA CORP,5.95,2081-03-10 00:00:00,104.845001,5.661677197775572,BB+,2026-09-28,2026-09-29
021361AA8,250000,ALTAGAS LTD,5.25,2082-01-11 00:00:00,101.450003,5.169842090821475,BB,2026-09-28,2026-09-29
015857AG0,250000,ALGONQUIN POWER CO,5.25,2082-01-18 00:00:00,101.375003,5.173931506364204,BB+,2026-09-28,2026-09-29
021361AB6,250000,ALTAGAS LTD,7.35,2082-08-17 00:00:00,104.925,6.997045114937994,BB,2026-09-28,2026-09-29
14042MAD4,250000,CAPITAL POWER CORP,7.95,2082-09-09 00:00:00,114.000003,6.954208746601132,BB,2026-09-28,2026-09-29
666511AE0,250000,NORTHLAND POWER INC,9.25,2083-06-30 00:00:00,110.925,8.329107350753851,BB+,2026-09-28,2026-09-29
374825AK3,250000,GIBSON ENERGY INC,8.7,2083-07-12 00:00:00,109.505,7.934923559658968,BB,2026-09-28,2026-09-29
021361AC4,250000,ALTAGAS LTD,8.9,2083-11-10 00:00:00,110.87,8.017365689415556,BB,2026-09-28,2026-09-29
26886RAB0,273000,EQB INC,8,2084-10-31 00:00:00,107.625001,7.42474989512949,N.A.,2026-09-28,2026-09-29
26886RAC8,500000,EQB INC,6.76,2086-10-31 00:00:00,102.750003,6.57487660973175,N.A.,2026-09-28,2026-09-29
