CUSIP,INVENTORY,ISSUER,COUPON,MATURITY,PRICE,YIELD,quote_date,settle_date
68333ZAJ6,8000000,ONTARIO (PROVINCE OF),1.85,2027-02-01 00:00:00,100.039073,1.724415983259076,2026-10-05,2026-10-06
748148SA2,1000000,PROVINCE OF QUEBEC,1.85,2027-02-13 00:00:00,99.996072,1.858677904017303,2026-10-05,2026-10-06
669827GA9,1000000,NOVA SCOTIA PROVINCE,2.1,2027-06-01 00:00:00,99.8363,2.352063464099863,2026-10-05,2026-10-06
013051DW4,1000000,PROVINCE OF ALBERTA,2.55,2027-06-01 00:00:00,100.133325,2.340625312260003,2026-10-05,2026-10-06
669827EB9,250000,NOVA SCOTIA PROVINCE,6.6,2027-06-01 00:00:00,102.778419,2.282975447039859,2026-10-05,2026-10-06
683234KG2,250000,ONTARIO (PROVINCE OF),7.6,2027-06-02 00:00:00,103.453129,2.258148443036512,2026-10-05,2026-10-06
563469UP8,1000000,MANITOBA (PROVINCE OF),2.6,2027-06-02 00:00:00,100.12952,2.397174329672125,2026-10-05,2026-10-06
68323AEE0,1000000,ONTARIO (PROVINCE OF),2.6,2027-06-02 00:00:00,100.182028,2.316207256698743,2026-10-05,2026-10-06
651333GF7,460000,PROVINCE OF NEWFOUNDLAND,1.25,2027-06-02 00:00:00,99.267708,2.38089236229666,2026-10-05,2026-10-06
803854KE7,1000000,PROVINCE OF SASKATCHEWAN,2.65,2027-06-02 00:00:00,100.175409,2.376229668670615,2026-10-05,2026-10-06
11070TAL2,1000000,BRITISH COLUMBIA PROV OF,2.55,2027-06-18 00:00:00,100.139151,2.345671631463575,2026-10-05,2026-10-06
642866GM3,1000000,PROV OF NEW BRUNSWICK,2.35,2027-08-14 00:00:00,99.848174,2.528619517855657,2026-10-05,2026-10-06
74814ZFB4,1000000,PROVINCE OF QUEBEC,2.75,2027-09-01 00:00:00,100.090845,2.645973973218196,2026-10-05,2026-10-06
68333ZAM9,1000000,ONTARIO (PROVINCE OF),1.05,2027-09-08 00:00:00,98.895951,2.265492661300761,2026-10-05,2026-10-06
110709EJ7,161000,BRITISH COLUMBIA PROV OF,6.15,2027-11-19 00:00:00,104.210914,2.31518006312792,2026-10-05,2026-10-06
68333ZAW7,1000000,ONTARIO (PROVINCE OF),3.6,2028-03-08 00:00:00,101.038649,2.848640354011267,2026-10-05,2026-10-06
651333EE2,250000,PROVINCE OF NEWFOUNDLAND,6.15,2028-04-17 00:00:00,104.697921,2.985195580563071,2026-10-05,2026-10-06
669827GD3,950000,NOVA SCOTIA PROVINCE,1.1,2028-06-01 00:00:00,97.238248,2.821250488256433,2026-10-05,2026-10-06
651333FZ4,1000000,PROVINCE OF NEWFOUNDLAND,2.85,2028-06-02 00:00:00,99.78725,2.981234148312439,2026-10-05,2026-10-06
68333ZAC1,1000000,ONTARIO (PROVINCE OF),2.9,2028-06-02 00:00:00,99.907738,2.956084846922091,2026-10-05,2026-10-06
563469UR4,1000000,MANITOBA (PROVINCE OF),3,2028-06-02 00:00:00,100.052529,2.965777359064048,2026-10-05,2026-10-06
642866GN1,1000000,PROV OF NEW BRUNSWICK,3.1,2028-08-14 00:00:00,100.108916,3.037865761491765,2026-10-05,2026-10-06
11070ZCC6,250000,BRITISH COLUMBIA PROV OF,5.62,2028-08-17 00:00:00,104.705709,3.003135733190709,2026-10-05,2026-10-06
74814ZFD0,1000000,PROVINCE OF QUEBEC,2.75,2028-09-01 00:00:00,99.372168,3.091308573126805,2026-10-05,2026-10-06
44889ZFE1,1000000,HYDRO-QUEBEC,2,2028-09-01 00:00:00,97.957074,3.11313922669918,2026-10-05,2026-10-06
68333ZAZ0,1000000,ONTARIO (PROVINCE OF),3.4,2028-09-08 00:00:00,100.558984,3.097356045616384,2026-10-05,2026-10-06
013051EB9,500000,PROVINCE OF ALBERTA,2.9,2028-12-01 00:00:00,99.831269,2.980392564858536,2026-10-05,2026-10-06
803854KF4,1000000,PROVINCE OF SASKATCHEWAN,3.05,2028-12-02 00:00:00,100.058394,3.02063262295611,2026-10-05,2026-10-06
110709GH9,1000000,BRITISH COLUMBIA PROV OF,2.95,2028-12-18 00:00:00,99.833572,3.027527872205726,2026-10-05,2026-10-06
642866ET0,250000,PROV OF NEW BRUNSWICK,5.65,2028-12-27 00:00:00,105.56407,3.041221396579785,2026-10-05,2026-10-06
803854GY8,22000,PROVINCE OF SASKATCHEWAN,5.75,2029-03-05 00:00:00,106.152014,3.084899893555382,2026-10-05,2026-10-06
683234LJ5,500000,ONTARIO (PROVINCE OF),6.5,2029-03-08 00:00:00,107.870817,3.101069079161145,2026-10-05,2026-10-06
68333ZBE6,1000000,ONTARIO (PROVINCE OF),4,2029-03-08 00:00:00,102.000082,3.135344710978605,2026-10-05,2026-10-06
68324ZCX4,8000,ONTARIO PROVINCE PKGE,9.75,2029-03-08 00:00:00,114.704445,3.375520341828797,2026-10-05,2026-10-06
669827GF8,500000,NOVA SCOTIA PROVINCE,4.05,2029-06-01 00:00:00,102.110242,3.212481004579959,2026-10-05,2026-10-06
013051EU7,1000000,PROVINCE OF ALBERTA,4.1,2029-06-01 00:00:00,102.312722,3.182666114017274,2026-10-05,2026-10-06
563469UT0,1000000,MANITOBA (PROVINCE OF),2.75,2029-06-02 00:00:00,98.880714,3.192003349944961,2026-10-05,2026-10-06
651333GC4,1000000,PROVINCE OF NEWFOUNDLAND,2.85,2029-06-02 00:00:00,99.108149,3.202019423392222,2026-10-05,2026-10-06
68333ZAE7,1000000,ONTARIO (PROVINCE OF),2.7,2029-06-02 00:00:00,98.754492,3.19196896316345,2026-10-05,2026-10-06
110709EK4,1000000,BRITISH COLUMBIA PROV OF,5.7,2029-06-18 00:00:00,106.401338,3.203593135504934,2026-10-05,2026-10-06
642866HD2,1000000,PROV OF NEW BRUNSWICK,4.25,2029-08-14 00:00:00,102.695558,3.252705779834586,2026-10-05,2026-10-06
74814ZFF5,1000000,PROVINCE OF QUEBEC,2.3,2029-09-01 00:00:00,97.382465,3.251571144215837,2026-10-05,2026-10-06
44889ZFJ0,240000,HYDRO-QUEBEC,3.4,2029-09-01 00:00:00,100.297302,3.29100326005396,2026-10-05,2026-10-06
56344ZQC6,1000000,MANITOBA (PROVINCE OF),3.25,2029-09-05 00:00:00,99.882763,3.29183611001882,2026-10-05,2026-10-06
01306ZCV1,1000000,PROVINCE OF ALBERTA,2.9,2029-09-20 00:00:00,99.005525,3.255286666338697,2026-10-05,2026-10-06
748148QJ5,250000,PROVINCE OF QUEBEC,6,2029-10-01 00:00:00,107.689899,3.275664774182352,2026-10-05,2026-10-06
651333EG7,6000,PROVINCE OF NEWFOUNDLAND,6.5,2029-10-17 00:00:00,109.228455,3.275355049879658,2026-10-05,2026-10-06
68333ZAR8,1000000,ONTARIO (PROVINCE OF),1.55,2029-11-01 00:00:00,95.017947,3.26819309773827,2026-10-05,2026-10-06
803854HF8,48000,PROVINCE OF SASKATCHEWAN,6.25,2030-01-25 00:00:00,108.70655,3.435931817822468,2026-10-05,2026-10-06
013051EG8,1000000,PROVINCE OF ALBERTA,2.05,2030-06-01 00:00:00,95.291413,3.431916744660302,2026-10-05,2026-10-06
803854KJ6,1000000,PROVINCE OF SASKATCHEWAN,2.2,2030-06-02 00:00:00,95.814357,3.427359000550134,2026-10-05,2026-10-06
563469UV5,1000000,MANITOBA (PROVINCE OF),2.05,2030-06-02 00:00:00,95.221745,3.451941797537184,2026-10-05,2026-10-06
651333GE0,1000000,PROVINCE OF NEWFOUNDLAND,1.75,2030-06-02 00:00:00,94.152626,3.466319147070229,2026-10-05,2026-10-06
68333ZAH0,1000000,ONTARIO (PROVINCE OF),2.05,2030-06-02 00:00:00,95.221745,3.451941797537184,2026-10-05,2026-10-06
651333GQ3,1000000,PROVINCE OF NEWFOUNDLAND,3.15,2030-06-02 00:00:00,98.833548,3.491786448230472,2026-10-05,2026-10-06
642866B97,1000000,PROV OF NEW BRUNSWICK,3.05,2030-06-03 00:00:00,98.59295,3.46195316628688,2026-10-05,2026-10-06
110709GK2,1000000,BRITISH COLUMBIA PROV OF,2.2,2030-06-18 00:00:00,95.709092,3.444641208352262,2026-10-05,2026-10-06
669827GC5,1000000,NOVA SCOTIA PROVINCE,2,2030-09-01 00:00:00,94.589858,3.494394161643322,2026-10-05,2026-10-06
74814ZFG3,1000000,PROVINCE OF QUEBEC,1.9,2030-09-01 00:00:00,94.193904,3.504141484524648,2026-10-05,2026-10-06
68333ZBM8,1000000,ONTARIO (PROVINCE OF),2.95,2030-09-08 00:00:00,97.987215,3.503195727356467,2026-10-05,2026-10-06
651333EZ5,250000,PROVINCE OF NEWFOUNDLAND,6.55,2030-10-17 00:00:00,111.289526,3.520282785053674,2026-10-05,2026-10-06
68333ZAN7,1000000,ONTARIO (PROVINCE OF),1.35,2030-12-02 00:00:00,91.940048,3.448069734074344,2026-10-05,2026-10-06
563469CX1,250000,MANITOBA (PROVINCE OF),10.5,2031-03-05 00:00:00,128.145866,3.55298435843443,2026-10-05,2026-10-06
56344ZCG2,250000,MANITOBA (PROVINCE OF),6.3,2031-03-05 00:00:00,111.115481,3.555933029763358,2026-10-05,2026-10-06
74814ZFM0,1000000,PROVINCE OF QUEBEC,2.1,2031-05-27 00:00:00,94.016085,3.507888727422803,2026-10-05,2026-10-06
013051EP8,1000000,PROVINCE OF ALBERTA,1.65,2031-06-01 00:00:00,92.03079,3.521490809290939,2026-10-05,2026-10-06
01306ZDF5,1000000,PROVINCE OF ALBERTA,3.5,2031-06-01 00:00:00,99.874836,3.528640027351559,2026-10-05,2026-10-06
651333GG5,1000000,PROVINCE OF NEWFOUNDLAND,2.05,2031-06-02 00:00:00,93.459138,3.58757142990449,2026-10-05,2026-10-06
803854KP2,1000000,PROVINCE OF SASKATCHEWAN,2.15,2031-06-02 00:00:00,94.167489,3.518662544035789,2026-10-05,2026-10-06
563469UX1,1000000,MANITOBA (PROVINCE OF),2.05,2031-06-02 00:00:00,93.601049,3.552919375314212,2026-10-05,2026-10-06
683234NM6,250000,ONTARIO (PROVINCE OF),6.2,2031-06-02 00:00:00,111.440965,3.513320171825352,2026-10-05,2026-10-06
68333ZAP2,1000000,ONTARIO (PROVINCE OF),2.15,2031-06-02 00:00:00,94.086014,3.538464969294464,2026-10-05,2026-10-06
110709EX6,222000,BRITISH COLUMBIA PROV OF,6.35,2031-06-18 00:00:00,112.19493,3.510872374158835,2026-10-05,2026-10-06
110709FV9,250000,BRITISH COLUMBIA PROV OF,5,2031-06-18 00:00:00,106.392458,3.511334980377145,2026-10-05,2026-10-06
110709AF9,1000000,BRITISH COLUMBIA PROV OF,1.55,2031-06-18 00:00:00,91.541285,3.518204147824,2026-10-05,2026-10-06
642866GT8,1000000,PROV OF NEW BRUNSWICK,2.55,2031-08-14 00:00:00,95.387247,3.593152776369846,2026-10-05,2026-10-06
448814GY3,231000,HYDRO-QUEBEC,6,2031-08-15 00:00:00,110.60067,3.60101797286585,2026-10-05,2026-10-06
651329BA1,107000,NEWFOUNDLAND & LAB HYDRO,6.65,2031-08-27 00:00:00,113.208304,3.673922323671364,2026-10-05,2026-10-06
74814ZFH1,1000000,PROVINCE OF QUEBEC,1.5,2031-09-01 00:00:00,90.758052,3.571177591208818,2026-10-05,2026-10-06
803854HN1,250000,PROVINCE OF SASKATCHEWAN,6.4,2031-09-05 00:00:00,112.673244,3.56494100707494,2026-10-05,2026-10-06
68334ZAB2,1000000,ONTARIO (PROVINCE OF),3,2031-09-08 00:00:00,97.42255,3.575283027649179,2026-10-05,2026-10-06
669827GE1,1000000,NOVA SCOTIA PROVINCE,2.4,2031-12-01 00:00:00,94.223842,3.638952151526786,2026-10-05,2026-10-06
68333ZAT4,1000000,ONTARIO (PROVINCE OF),2.25,2031-12-02 00:00:00,93.679818,3.603779258387863,2026-10-05,2026-10-06
68333ZAX5,1000000,ONTARIO (PROVINCE OF),4.05,2032-02-02 00:00:00,101.955064,3.641797830492677,2026-10-05,2026-10-06
74814ZFP3,1000000,PROVINCE OF QUEBEC,3.65,2032-05-20 00:00:00,99.729356,3.703149990060406,2026-10-05,2026-10-06
748148QT3,234000,PROVINCE OF QUEBEC,6.25,2032-06-01 00:00:00,112.603158,3.753638678008353,2026-10-05,2026-10-06
013051EX1,1000000,PROVINCE OF ALBERTA,3.15,2032-06-01 00:00:00,97.352303,3.672336918770269,2026-10-05,2026-10-06
68333ZAU1,1000000,ONTARIO (PROVINCE OF),3.75,2032-06-02 00:00:00,100.32646,3.684800674683752,2026-10-05,2026-10-06
651333GS9,1000000,PROVINCE OF NEWFOUNDLAND,3.25,2032-06-02 00:00:00,97.50901,3.742139714691972,2026-10-05,2026-10-06
110709GL0,1000000,BRITISH COLUMBIA PROV OF,3.2,2032-06-18 00:00:00,97.504462,3.68881811554711,2026-10-05,2026-10-06
642866HA8,1000000,PROV OF NEW BRUNSWICK,3.95,2032-08-14 00:00:00,101.05978,3.746048255108092,2026-10-05,2026-10-06
44889ZFP6,250000,HYDRO-QUEBEC,3.55,2032-09-01 00:00:00,98.71123,3.795242466091753,2026-10-05,2026-10-06
74814ZFN8,1000000,PROVINCE OF QUEBEC,3.25,2032-09-01 00:00:00,97.221279,3.779125362218561,2026-10-05,2026-10-06
74814ZFR9,1000000,PROVINCE OF QUEBEC,3.9,2032-11-22 00:00:00,100.638625,3.781620582650169,2026-10-05,2026-10-06
741666DE8,400000,PRINCE EDWARD ISLAND,3.75,2032-12-01 00:00:00,99.627238,3.81785682293716,2026-10-05,2026-10-06
563469VA0,1000000,MANITOBA (PROVINCE OF),3.9,2032-12-02 00:00:00,100.6012,3.788863751947891,2026-10-05,2026-10-06
68333ZBD8,1000000,ONTARIO (PROVINCE OF),4.1,2033-03-04 00:00:00,101.660882,3.805132051091298,2026-10-05,2026-10-06
68324ZNC8,19000,ONTARIO PROVINCE PKGE,1.5,2033-03-08 00:00:00,86.309292,3.932773088246333,2026-10-05,2026-10-06
68324ZFN3,15000,ONTARIO PROVINCE PKGE,5.85,2033-03-08 00:00:00,110.670639,3.951898773380313,2026-10-05,2026-10-06
683234SL3,1000000,ONTARIO (PROVINCE OF),5.85,2033-03-08 00:00:00,111.180121,3.86683379931354,2026-10-05,2026-10-06
669827FL6,1000000,NOVA SCOTIA PROVINCE,5.8,2033-06-01 00:00:00,111.021643,3.901989375091852,2026-10-05,2026-10-06
013051ER4,1000000,PROVINCE OF ALBERTA,4.15,2033-06-01 00:00:00,101.825149,3.835845198174304,2026-10-05,2026-10-06
669827GG6,1000000,NOVA SCOTIA PROVINCE,4.05,2033-06-01 00:00:00,100.984527,3.879962856901309,2026-10-05,2026-10-06
651333GM2,1000000,PROVINCE OF NEWFOUNDLAND,4.15,2033-06-02 00:00:00,101.389328,3.910154395116483,2026-10-05,2026-10-06
563469VB8,1000000,MANITOBA (PROVINCE OF),3.8,2033-06-02 00:00:00,99.508256,3.883879617021369,2026-10-05,2026-10-06
68333ZAY3,1000000,ONTARIO (PROVINCE OF),3.65,2033-06-02 00:00:00,98.868674,3.843624462718265,2026-10-05,2026-10-06
803854KU1,1000000,PROVINCE OF SASKATCHEWAN,3.9,2033-06-02 00:00:00,100.404593,3.82987625133977,2026-10-05,2026-10-06
110709GN6,1000000,BRITISH COLUMBIA PROV OF,3.55,2033-06-18 00:00:00,98.158394,3.863937723989141,2026-10-05,2026-10-06
651329BC7,100000,NEWFOUNDLAND & LAB HYDRO,5.7,2033-07-14 00:00:00,110.124537,3.978530651854917,2026-10-05,2026-10-06
642866HB6,1000000,PROV OF NEW BRUNSWICK,4.45,2033-08-14 00:00:00,103.301043,3.895969204213467,2026-10-05,2026-10-06
74814ZFS7,1000000,PROVINCE OF QUEBEC,3.6,2033-09-01 00:00:00,98.090307,3.917960460365788,2026-10-05,2026-10-06
44889ZFQ4,250000,HYDRO-QUEBEC,3.6,2033-09-01 00:00:00,97.914383,3.94764879000602,2026-10-05,2026-10-06
803854JA7,1000000,PROVINCE OF SASKATCHEWAN,5.8,2033-09-05 00:00:00,111.556192,3.877888099589044,2026-10-05,2026-10-06
56344ZQF9,100000,MANITOBA (PROVINCE OF),3.75,2033-09-05 00:00:00,98.953758,3.92380846668321,2026-10-05,2026-10-06
651333FM3,100000,PROVINCE OF NEWFOUNDLAND,5.6,2033-10-17 00:00:00,110.111238,3.939104129188054,2026-10-05,2026-10-06
01306ZDC2,1000000,PROVINCE OF ALBERTA,3.9,2033-12-01 00:00:00,99.906191,3.914513828788446,2026-10-05,2026-10-06
642866FR3,1000000,PROV OF NEW BRUNSWICK,5.5,2034-01-27 00:00:00,109.37817,4.005825817313347,2026-10-05,2026-10-06
68333ZBJ5,1000000,ONTARIO (PROVINCE OF),3.65,2034-02-03 00:00:00,98.182507,3.937362137042943,2026-10-05,2026-10-06
31739ZAG0,250000,FINANCEMENT QUEBEC,5.25,2034-06-01 00:00:00,107.414641,4.110084551379356,2026-10-05,2026-10-06
68324ZPK8,90000,ONTARIO PROVINCE PKGE,1.3,2034-06-02 00:00:00,81.127717,4.208978995348756,2026-10-05,2026-10-06
68333ZBC0,1000000,ONTARIO (PROVINCE OF),4.15,2034-06-02 00:00:00,101.065355,3.98648490515725,2026-10-05,2026-10-06
563469VE2,1000000,MANITOBA (PROVINCE OF),4.25,2034-06-02 00:00:00,101.422628,4.031476503870235,2026-10-05,2026-10-06
110709AK8,1000000,BRITISH COLUMBIA PROV OF,4.15,2034-06-18 00:00:00,100.836377,4.021851400617016,2026-10-05,2026-10-06
74814ZFT5,1000000,PROVINCE OF QUEBEC,4.45,2034-09-01 00:00:00,102.434878,4.085868902751977,2026-10-05,2026-10-06
651333GP5,1000000,PROVINCE OF NEWFOUNDLAND,3.85,2034-12-02 00:00:00,98.123685,4.122627840274906,2026-10-05,2026-10-06
68333ZBG1,1000000,ONTARIO (PROVINCE OF),3.8,2034-12-02 00:00:00,98.286521,4.048189045211559,2026-10-05,2026-10-06
44889ZBF2,250000,HYDRO-QUEBEC,6.5,2035-01-16 00:00:00,115.718326,4.228331375232641,2026-10-05,2026-10-06
44885ZDD9,36000,HYDRO QUEBEC PACKAGE,6.5,2035-02-15 00:00:00,114.154977,4.452328938098238,2026-10-05,2026-10-06
44889ZCM6,250000,HYDRO-QUEBEC,6.5,2035-02-15 00:00:00,116.219092,4.17996182309166,2026-10-05,2026-10-06
669827GM3,1000000,NOVA SCOTIA PROVINCE,3.85,2035-06-01 00:00:00,97.710096,4.167344650358706,2026-10-05,2026-10-06
013051EW3,1000000,PROVINCE OF ALBERTA,3.95,2035-06-01 00:00:00,98.886853,4.103541967340996,2026-10-05,2026-10-06
669827FP7,100000,NOVA SCOTIA PROVINCE,4.9,2035-06-01 00:00:00,105.676387,4.112967508957222,2026-10-05,2026-10-06
68324ZJE9,40000,ONTARIO PROVINCE PKGE,8,2035-06-02 00:00:00,140.78355,2.686943901246486,2026-10-05,2026-10-06
651333GR1,1000000,PROVINCE OF NEWFOUNDLAND,4,2035-06-02 00:00:00,98.537072,4.202743493451533,2026-10-05,2026-10-06
683234VR6,1000000,ONTARIO (PROVINCE OF),5.6,2035-06-02 00:00:00,110.707838,4.116087428532444,2026-10-05,2026-10-06
803854KX5,1000000,PROVINCE OF SASKATCHEWAN,3.8,2035-06-02 00:00:00,97.702363,4.117674473194044,2026-10-05,2026-10-06
68333ZBK2,1000000,ONTARIO (PROVINCE OF),3.6,2035-06-02 00:00:00,96.161038,4.131506378723748,2026-10-05,2026-10-06
563469VG7,1000000,MANITOBA (PROVINCE OF),3.7,2035-06-02 00:00:00,96.634027,4.166626888303937,2026-10-05,2026-10-06
642869AN1,500000,PROV OF NEW BRUNSWICK,3.95,2035-06-03 00:00:00,98.143229,4.207477685166361,2026-10-05,2026-10-06
110709FJ6,1000000,BRITISH COLUMBIA PROV OF,5.4,2035-06-18 00:00:00,108.926771,4.165296429791954,2026-10-05,2026-10-06
110709AP7,1000000,BRITISH COLUMBIA PROV OF,4,2035-06-18 00:00:00,98.81026,4.163741375285013,2026-10-05,2026-10-06
74814ZFV0,1000000,PROVINCE OF QUEBEC,4,2035-09-01 00:00:00,98.300875,4.230579278076818,2026-10-05,2026-10-06
803854JH2,1000000,PROVINCE OF SASKATCHEWAN,5.6,2035-09-05 00:00:00,110.560722,4.16886066932316,2026-10-05,2026-10-06
642866FW2,500000,PROV OF NEW BRUNSWICK,4.65,2035-09-26 00:00:00,103.33456,4.199927399327863,2026-10-05,2026-10-06
651333FP6,100000,PROVINCE OF NEWFOUNDLAND,5.7,2035-10-17 00:00:00,110.973832,4.225329089921703,2026-10-05,2026-10-06
68333ZBP1,1000000,ONTARIO (PROVINCE OF),3.95,2035-12-02 00:00:00,98.135346,4.196806652273133,2026-10-05,2026-10-06
013051EZ6,1000000,PROVINCE OF ALBERTA,3.75,2036-06-01 00:00:00,96.286004,4.221923943462857,2026-10-05,2026-10-06
669827GN1,1000000,NOVA SCOTIA PROVINCE,3.9,2036-06-01 00:00:00,97.000779,4.282036155099012,2026-10-05,2026-10-06
651333GT7,500000,PROVINCE OF NEWFOUNDLAND,3.9,2036-06-02 00:00:00,96.733695,4.31667189952718,2026-10-05,2026-10-06
68334ZAA4,1000000,ONTARIO (PROVINCE OF),3.9,2036-06-02 00:00:00,97.228641,4.252400208700657,2026-10-05,2026-10-06
563469VK8,1000000,MANITOBA (PROVINCE OF),3.8,2036-06-02 00:00:00,96.181983,4.28648373548477,2026-10-05,2026-10-06
110709GR7,1000000,BRITISH COLUMBIA PROV OF,3.9,2036-06-18 00:00:00,96.908468,4.292402234245185,2026-10-05,2026-10-06
68334ZAE6,1000000,ONTARIO (PROVINCE OF),4.15,2036-08-24 00:00:00,98.951762,4.280699362081664,2026-10-05,2026-10-06
74814ZFX6,1000000,PROVINCE OF QUEBEC,4,2036-09-01 00:00:00,97.20989,4.349339449182721,2026-10-05,2026-10-06
748148RL9,500000,PROVINCE OF QUEBEC,5.75,2036-12-01 00:00:00,111.781298,4.304597068737848,2026-10-05,2026-10-06
68334ZAC0,1000000,ONTARIO (PROVINCE OF),3.85,2036-12-02 00:00:00,97.271621,4.181966654087144,2026-10-05,2026-10-06
563469EZ4,500000,MANITOBA (PROVINCE OF),5.7,2037-03-05 00:00:00,111.717781,4.292337378124844,2026-10-05,2026-10-06
803854JJ8,500000,PROVINCE OF SASKATCHEWAN,5,2037-03-05 00:00:00,106.457551,4.226621623922955,2026-10-05,2026-10-06
642866FZ5,500000,PROV OF NEW BRUNSWICK,4.55,2037-03-26 00:00:00,102.203897,4.286434782386084,2026-10-05,2026-10-06
651333FQ4,100000,PROVINCE OF NEWFOUNDLAND,4.5,2037-04-17 00:00:00,101.539554,4.316351854363387,2026-10-05,2026-10-06
669827FQ5,1000000,NOVA SCOTIA PROVINCE,4.5,2037-06-01 00:00:00,101.698905,4.298949300373223,2026-10-05,2026-10-06
683234YD4,1000000,ONTARIO (PROVINCE OF),4.7,2037-06-02 00:00:00,103.756483,4.257181952771094,2026-10-05,2026-10-06
110709FL1,1000000,BRITISH COLUMBIA PROV OF,4.7,2037-06-18 00:00:00,103.421445,4.297030423827386,2026-10-05,2026-10-06
563469FL4,500000,MANITOBA (PROVINCE OF),4.6,2038-03-05 00:00:00,101.950355,4.380644468024486,2026-10-05,2026-10-06
74814ZDK6,500000,PROVINCE OF QUEBEC,5,2038-12-01 00:00:00,104.840098,4.478599234270653,2026-10-05,2026-10-06
683234ZP6,500000,ONTARIO (PROVINCE OF),4.6,2039-06-02 00:00:00,101.517071,4.441441171975868,2026-10-05,2026-10-06
683234MM7,100000,ONTARIO (PROVINCE OF),5.65,2039-07-13 00:00:00,111.139677,4.493223152593706,2026-10-05,2026-10-06
642866GA9,500000,PROV OF NEW BRUNSWICK,4.8,2039-09-26 00:00:00,102.669956,4.525490957508072,2026-10-05,2026-10-06
683234NL8,250000,ONTARIO (PROVINCE OF),5.7,2039-12-02 00:00:00,111.725601,4.508023990277787,2026-10-05,2026-10-06
44889ZCN4,250000,HYDRO-QUEBEC,6,2040-02-15 00:00:00,113.941127,4.59156040991473,2026-10-05,2026-10-06
563469FQ3,500000,MANITOBA (PROVINCE OF),4.65,2040-03-05 00:00:00,100.716744,4.577530701337928,2026-10-05,2026-10-06
803854JL3,500000,PROVINCE OF SASKATCHEWAN,4.75,2040-06-01 00:00:00,102.441115,4.508067792303616,2026-10-05,2026-10-06
110709FY3,500000,BRITISH COLUMBIA PROV OF,4.95,2040-06-18 00:00:00,103.736138,4.579173165989148,2026-10-05,2026-10-06
651333FR2,500000,PROVINCE OF NEWFOUNDLAND,4.65,2040-10-17 00:00:00,99.577901,4.69125387976439,2026-10-05,2026-10-06
013051DB0,500000,PROVINCE OF ALBERTA,4.5,2040-12-01 00:00:00,99.435309,4.554045776347126,2026-10-05,2026-10-06
563469TM7,500000,MANITOBA (PROVINCE OF),4.1,2041-03-05 00:00:00,94.481374,4.628608179862836,2026-10-05,2026-10-06
669827FW2,500000,NOVA SCOTIA PROVINCE,4.7,2041-06-01 00:00:00,100.490468,4.652911906141255,2026-10-05,2026-10-06
683234B98,500000,ONTARIO (PROVINCE OF),4.65,2041-06-02 00:00:00,100.692659,4.584043401082183,2026-10-05,2026-10-06
642869AA9,500000,PROV OF NEW BRUNSWICK,4.8,2041-06-03 00:00:00,101.479333,4.659030781490725,2026-10-05,2026-10-06
74814ZEF6,500000,PROVINCE OF QUEBEC,5,2041-12-01 00:00:00,103.061139,4.714456337542816,2026-10-05,2026-10-06
803854JT6,500000,PROVINCE OF SASKATCHEWAN,3.4,2042-02-03 00:00:00,86.731462,4.617032230697649,2026-10-05,2026-10-06
56344ZDP1,250000,MANITOBA (PROVINCE OF),6,2042-03-05 00:00:00,114.449987,4.673777364005693,2026-10-05,2026-10-06
563469TQ8,500000,MANITOBA (PROVINCE OF),4.4,2042-03-05 00:00:00,96.998525,4.675076947331402,2026-10-05,2026-10-06
6698278Z3,500000,NOVA SCOTIA PROVINCE,4.4,2042-06-01 00:00:00,96.47204,4.720860964636908,2026-10-05,2026-10-06
1107098Y1,500000,BRITISH COLUMBIA PROV OF,4.3,2042-06-18 00:00:00,95.530682,4.7053016679244,2026-10-05,2026-10-06
563469TW5,500000,MANITOBA (PROVINCE OF),3.35,2043-03-05 00:00:00,83.783171,4.787423072653829,2026-10-05,2026-10-06
68323AAY0,500000,ONTARIO (PROVINCE OF),3.5,2043-06-02 00:00:00,86.047931,4.718488646109065,2026-10-05,2026-10-06
642869AE1,500000,PROV OF NEW BRUNSWICK,3.55,2043-06-03 00:00:00,85.701541,4.806694944851686,2026-10-05,2026-10-06
013051DK0,500000,PROVINCE OF ALBERTA,3.45,2043-12-01 00:00:00,85.013817,4.735413884911943,2026-10-05,2026-10-06
74814ZEK5,500000,PROVINCE OF QUEBEC,4.25,2043-12-01 00:00:00,93.178222,4.839409913413939,2026-10-05,2026-10-06
56344ZHN2,250000,MANITOBA (PROVINCE OF),5.8,2044-03-05 00:00:00,111.297304,4.832654682037441,2026-10-05,2026-10-06
110709GC0,500000,BRITISH COLUMBIA PROV OF,3.2,2044-06-18 00:00:00,80.932483,4.812210411229079,2026-10-05,2026-10-06
56344ZMF3,250000,MANITOBA (PROVINCE OF),5,2044-09-05 00:00:00,102.238583,4.811776595268014,2026-10-05,2026-10-06
448814HZ9,250000,HYDRO-QUEBEC,5,2045-02-15 00:00:00,100.605528,4.948898626740816,2026-10-05,2026-10-06
669827FZ5,100000,NOVA SCOTIA PROVINCE,3.45,2045-06-01 00:00:00,82.828792,4.860080005355294,2026-10-05,2026-10-06
803854JU3,500000,PROVINCE OF SASKATCHEWAN,3.9,2045-06-02 00:00:00,88.663548,4.828314373403031,2026-10-05,2026-10-06
68323ACC6,500000,ONTARIO (PROVINCE OF),3.45,2045-06-02 00:00:00,83.300173,4.816448583199784,2026-10-05,2026-10-06
642866GG6,500000,PROV OF NEW BRUNSWICK,3.8,2045-08-14 00:00:00,86.335,4.919995496747309,2026-10-05,2026-10-06
563469UB9,500000,MANITOBA (PROVINCE OF),4.05,2045-09-05 00:00:00,89.429187,4.91438229805834,2026-10-05,2026-10-06
74814ZER0,500000,PROVINCE OF QUEBEC,3.5,2045-12-01 00:00:00,82.494659,4.921473433309065,2026-10-05,2026-10-06
651329BE3,250000,NEWFOUNDLAND & LAB HYDRO,3.6,2045-12-01 00:00:00,82.130133,5.068529682938583,2026-10-05,2026-10-06
563469UF0,500000,MANITOBA (PROVINCE OF),2.85,2046-09-05 00:00:00,73.677328,4.942077349886165,2026-10-05,2026-10-06
651333FT8,500000,PROVINCE OF NEWFOUNDLAND,3.3,2046-10-17 00:00:00,78.442128,5.01866776247446,2026-10-05,2026-10-06
013051DS3,500000,PROVINCE OF ALBERTA,3.3,2046-12-01 00:00:00,79.938578,4.873959763084756,2026-10-05,2026-10-06
68323ACY8,500000,ONTARIO (PROVINCE OF),2.9,2046-12-02 00:00:00,74.968229,4.861857725804364,2026-10-05,2026-10-06
803854KA5,500000,PROVINCE OF SASKATCHEWAN,2.75,2046-12-02 00:00:00,73.084954,4.858978827233762,2026-10-05,2026-10-06
68323ADZ4,1000000,ONTARIO (PROVINCE OF),2.8,2048-06-02 00:00:00,72.186858,4.897637483994299,2026-10-05,2026-10-06
803854KC1,500000,PROVINCE OF SASKATCHEWAN,3.3,2048-06-02 00:00:00,78.650894,4.912111339383141,2026-10-05,2026-10-06
110709FQ0,500000,BRITISH COLUMBIA PROV OF,4.9,2048-06-18 00:00:00,98.732921,4.995760400538463,2026-10-05,2026-10-06
11070TAG3,500000,BRITISH COLUMBIA PROV OF,2.8,2048-06-18 00:00:00,71.482395,4.960473916290886,2026-10-05,2026-10-06
642866GL5,500000,PROV OF NEW BRUNSWICK,3.1,2048-08-14 00:00:00,74.953577,4.995921867788167,2026-10-05,2026-10-06
563469UN3,500000,MANITOBA (PROVINCE OF),3.4,2048-09-05 00:00:00,78.928731,4.992135042722601,2026-10-05,2026-10-06
651333FY7,500000,PROVINCE OF NEWFOUNDLAND,3.7,2048-10-17 00:00:00,81.938608,5.070534173941943,2026-10-05,2026-10-06
74814ZEW9,500000,PROVINCE OF QUEBEC,3.5,2048-12-01 00:00:00,79.879318,5.01412570746671,2026-10-05,2026-10-06
013051DY0,500000,PROVINCE OF ALBERTA,3.05,2048-12-01 00:00:00,75.059927,4.908989609159131,2026-10-05,2026-10-06
68333ZAA5,1000000,ONTARIO (PROVINCE OF),2.9,2049-06-02 00:00:00,72.674924,4.912291933455903,2026-10-05,2026-10-06
448814JA2,250000,HYDRO-QUEBEC,5,2050-02-15 00:00:00,99.246644,5.054853603800358,2026-10-05,2026-10-06
563469TH8,250000,MANITOBA (PROVINCE OF),4.7,2050-03-05 00:00:00,96.504537,4.953589357593047,2026-10-05,2026-10-06
563469US2,500000,MANITOBA (PROVINCE OF),3.2,2050-03-05 00:00:00,75.53421,4.981554622822437,2026-10-05,2026-10-06
013051ED5,500000,PROVINCE OF ALBERTA,3.1,2050-06-01 00:00:00,74.860704,4.907843917992305,2026-10-05,2026-10-06
803854KH0,500000,PROVINCE OF SASKATCHEWAN,3.1,2050-06-02 00:00:00,74.914482,4.903025270262007,2026-10-05,2026-10-06
110709GJ5,500000,BRITISH COLUMBIA PROV OF,2.95,2050-06-18 00:00:00,72.076268,4.967554663228424,2026-10-05,2026-10-06
642866GQ4,500000,PROV OF NEW BRUNSWICK,3.05,2050-08-14 00:00:00,73.068639,4.994111174904847,2026-10-05,2026-10-06
651333GD2,500000,PROVINCE OF NEWFOUNDLAND,2.65,2050-10-17 00:00:00,66.93128,5.038655324851971,2026-10-05,2026-10-06
68333ZAG2,1000000,ONTARIO (PROVINCE OF),2.65,2050-12-02 00:00:00,68.450302,4.889848359522797,2026-10-05,2026-10-06
74814ZFE8,500000,PROVINCE OF QUEBEC,3.1,2051-12-01 00:00:00,72.823253,5.012633670770827,2026-10-05,2026-10-06
669827GB7,500000,NOVA SCOTIA PROVINCE,3.15,2051-12-01 00:00:00,73.744319,4.994424327835412,2026-10-05,2026-10-06
68333ZAL1,1000000,ONTARIO (PROVINCE OF),1.9,2051-12-02 00:00:00,57.211699,4.867876323442499,2026-10-05,2026-10-06
013051EQ6,500000,PROVINCE OF ALBERTA,2.95,2052-06-01 00:00:00,71.69922,4.899667361444648,2026-10-05,2026-10-06
110709AG7,500000,BRITISH COLUMBIA PROV OF,2.75,2052-06-18 00:00:00,68.060223,4.962571311857578,2026-10-05,2026-10-06
642866GS0,500000,PROV OF NEW BRUNSWICK,2.9,2052-08-14 00:00:00,69.81962,4.990337314820148,2026-10-05,2026-10-06
56344ZPV5,500000,MANITOBA (PROVINCE OF),3.15,2052-09-05 00:00:00,73.900914,4.947801067424051,2026-10-05,2026-10-06
563469UW3,500000,MANITOBA (PROVINCE OF),2.05,2052-09-05 00:00:00,57.86804,4.954337261014197,2026-10-05,2026-10-06
68333ZAS6,1000000,ONTARIO (PROVINCE OF),2.55,2052-12-02 00:00:00,65.653554,4.891335290561805,2026-10-05,2026-10-06
651333GH3,500000,PROVINCE OF NEWFOUNDLAND,3.15,2052-12-02 00:00:00,72.642355,5.044631762397134,2026-10-05,2026-10-06
803854KN7,500000,PROVINCE OF SASKATCHEWAN,2.8,2052-12-02 00:00:00,69.25218,4.897270082772853,2026-10-05,2026-10-06
563469UZ6,500000,MANITOBA (PROVINCE OF),3.8,2053-09-05 00:00:00,82.30047,5.003810109408602,2026-10-05,2026-10-06
74814ZFL2,500000,PROVINCE OF QUEBEC,2.85,2053-12-01 00:00:00,68.205415,5.003460903446943,2026-10-05,2026-10-06
68333ZAV9,1000000,ONTARIO (PROVINCE OF),3.75,2053-12-02 00:00:00,82.551207,4.921280840003806,2026-10-05,2026-10-06
110709GM8,500000,BRITISH COLUMBIA PROV OF,4.25,2053-12-18 00:00:00,88.871142,5.002757407235747,2026-10-05,2026-10-06
803854JX7,500000,PROVINCE OF SASKATCHEWAN,3.75,2054-03-05 00:00:00,82.340944,4.931422697396504,2026-10-05,2026-10-06
642866HC4,500000,PROV OF NEW BRUNSWICK,5,2054-08-14 00:00:00,99.324727,5.044970337715404,2026-10-05,2026-10-06
68333ZBH9,1000000,ONTARIO (PROVINCE OF),4.1,2054-10-07 00:00:00,87.581235,4.921824476450065,2026-10-05,2026-10-06
651333GL4,500000,PROVINCE OF NEWFOUNDLAND,4.1,2054-10-17 00:00:00,85.380911,5.084091920598843,2026-10-05,2026-10-06
669827GH4,500000,NOVA SCOTIA PROVINCE,4.75,2054-12-01 00:00:00,95.629195,5.041904349143711,2026-10-05,2026-10-06
68333ZBA4,1000000,ONTARIO (PROVINCE OF),4.15,2054-12-02 00:00:00,88.182542,4.930424588557192,2026-10-05,2026-10-06
803854KV9,500000,PROVINCE OF SASKATCHEWAN,4.2,2054-12-02 00:00:00,88.860015,4.936117133251972,2026-10-05,2026-10-06
4488148V8,250000,HYDRO-QUEBEC,4,2055-02-15 00:00:00,84.369198,5.041566892407601,2026-10-05,2026-10-06
563469VD4,500000,MANITOBA (PROVINCE OF),4.4,2055-09-05 00:00:00,90.856353,5.001227913594852,2026-10-05,2026-10-06
651333GN0,500000,PROVINCE OF NEWFOUNDLAND,4.6,2055-10-17 00:00:00,92.788558,5.077444436991052,2026-10-05,2026-10-06
669827A98,500000,NOVA SCOTIA PROVINCE,4.6,2055-12-01 00:00:00,93.53557,5.024369597753897,2026-10-05,2026-10-06
74814ZFQ1,500000,PROVINCE OF QUEBEC,4.4,2055-12-01 00:00:00,90.333133,5.03560940392036,2026-10-05,2026-10-06
68333ZBF3,1000000,ONTARIO (PROVINCE OF),4.6,2055-12-02 00:00:00,95.028289,4.922582435305567,2026-10-05,2026-10-06
110709GP1,500000,BRITISH COLUMBIA PROV OF,4.45,2055-12-18 00:00:00,91.695554,4.992944941329669,2026-10-05,2026-10-06
803854KY3,500000,PROVINCE OF SASKATCHEWAN,4.4,2056-12-02 00:00:00,91.777016,4.926038480134287,2026-10-05,2026-10-06
68333ZBN6,1000000,ONTARIO (PROVINCE OF),4.45,2056-12-02 00:00:00,92.617414,4.922017217798724,2026-10-05,2026-10-06
642866HE0,500000,PROV OF NEW BRUNSWICK,4.55,2056-12-03 00:00:00,92.722627,5.020525613955162,2026-10-05,2026-10-06
110709AS1,500000,BRITISH COLUMBIA PROV OF,4.6,2057-06-18 00:00:00,93.851189,4.99318958870314,2026-10-05,2026-10-06
563469VH5,500000,MANITOBA (PROVINCE OF),4.6,2057-09-05 00:00:00,93.614141,5.008034889659529,2026-10-05,2026-10-06
74814ZFU2,500000,PROVINCE OF QUEBEC,4.2,2057-12-01 00:00:00,87.063951,5.025769879209263,2026-10-05,2026-10-06
803854KG2,500000,PROVINCE OF SASKATCHEWAN,2.95,2058-06-02 00:00:00,68.754305,4.903437349445938,2026-10-05,2026-10-06
448814JC8,250000,HYDRO-QUEBEC,2.1,2060-02-15 00:00:00,53.584462,4.959953825656238,2026-10-05,2026-10-06
56344ZNV7,250000,MANITOBA (PROVINCE OF),5.2,2060-03-05 00:00:00,105.609038,4.858620150095949,2026-10-05,2026-10-06
448814JD6,250000,HYDRO-QUEBEC,4,2063-02-15 00:00:00,82.978314,5.023298732178305,2026-10-05,2026-10-06
448814BQ5,250000,HYDRO-QUEBEC,4,2065-02-15 00:00:00,82.56583,5.029842727909917,2026-10-05,2026-10-06
